precedence,path_or_source,authority,baseline_sha
1,Current user instruction,Authorizes diagnosis package creation and remote commit/push; product changes excluded in this phase.,f97dcbc3ecfbc19a130c4dbafef6cb7def9c3eb8
2,governance/authority/authority-precedence.json,Repository authority precedence.,f97dcbc3ecfbc19a130c4dbafef6cb7def9c3eb8
3,AGENTS.md,Agent operating boundary.,f97dcbc3ecfbc19a130c4dbafef6cb7def9c3eb8
4,governance/product/platform-model.yaml,Unified multi-surface product and truth ownership.,f97dcbc3ecfbc19a130c4dbafef6cb7def9c3eb8
5,tools/BThwani-unified-execution-command-final-authoritative.md,"Execution loop, same-SHA evidence and atomic push protocol.",f97dcbc3ecfbc19a130c4dbafef6cb7def9c3eb8
6,contracts/openapi/index.yaml,Central OpenAPI aggregation.,f97dcbc3ecfbc19a130c4dbafef6cb7def9c3eb8
7,service migration manifests,Service-owned immutable migration order.,f97dcbc3ecfbc19a130c4dbafef6cb7def9c3eb8
8,governance/operational_journey_protocol_package/smsm-dsh-wlt-journeys,Derived journey execution dossiers after FOUNDATION.,f97dcbc3ecfbc19a130c4dbafef6cb7def9c3eb8
9,tools/diagnose-implementing/dsh-wlt-all-journeys-final-closure-reassessment-2026-08-04,Disposable support artifact; cannot override canonical owners.,f97dcbc3ecfbc19a130c4dbafef6cb7def9c3eb8
