group_id,sha256,bytes_each,file_count,owners,paths,decision
DUP-0001,d2e1f35651e7125df79c3d20986e718c09d721c7f99b7ef47515971334f7ab98,588092,16,app-captain | app-client | app-field | app-partner,apps/app-captain/runtime/assets/adaptive-icon.png | apps/app-captain/runtime/assets/icon.png | apps/app-captain/runtime/assets/notification-icon.png | apps/app-captain/runtime/assets/splash-icon.png | apps/app-client/runtime/assets/adaptive-icon.png | apps/app-client/runtime/assets/icon.png | apps/app-client/runtime/assets/notification-icon.png | apps/app-client/runtime/assets/splash-icon.png | apps/app-field/runtime/assets/adaptive-icon.png | apps/app-field/runtime/assets/icon.png | apps/app-field/runtime/assets/notification-icon.png | apps/app-field/runtime/assets/splash-icon.png | apps/app-partner/runtime/assets/adaptive-icon.png | apps/app-partner/runtime/assets/icon.png | apps/app-partner/runtime/assets/notification-icon.png | apps/app-partner/runtime/assets/splash-icon.png,MATERIALIZE_FROM_DETERMINISTIC_ASSET_PROVENANCE_BEFORE_DEDUPLICATION
DUP-0002,5243d4032c026ab26b15a234e7a40e3ac1f5b772f3bac5b4f5e66ec6474ccabe,60841,5,dsh,services/dsh/database/seeds/local/media/realistic/product-electronics-1.jpg | services/dsh/database/seeds/local/media/realistic/product-electronics-2.jpg | services/dsh/database/seeds/local/media/realistic/product-electronics-3.jpg | services/dsh/database/seeds/local/media/realistic/product-electronics-4.jpg | services/dsh/database/seeds/local/media/realistic/product-electronics-5.jpg,CLASSIFY_INTENTIONAL_GENERATED_RUNTIME_OR_MANUAL_DUPLICATE
DUP-0003,632335f6e67e74f3b4668564694e9cc8d19617b42f03e12b67de9e56446311df,970,5,app-captain | app-client | app-field | app-partner | tools,apps/app-captain/runtime/eas.json | apps/app-client/runtime/eas.json | apps/app-field/runtime/eas.json | apps/app-partner/runtime/eas.json | tools/mobile/eas.template.json,CLASSIFY_INTENTIONAL_GENERATED_RUNTIME_OR_MANUAL_DUPLICATE
DUP-0004,2c9ceab111353665aa0d58d309c33bb68dbfb053c504a374668248cbe2edc96d,2258,4,app-captain | app-client | app-field | app-partner,apps/app-captain/runtime/metro.config.cjs | apps/app-client/runtime/metro.config.cjs | apps/app-field/runtime/metro.config.cjs | apps/app-partner/runtime/metro.config.cjs,CLASSIFY_INTENTIONAL_GENERATED_RUNTIME_OR_MANUAL_DUPLICATE
DUP-0005,43f5bbcc11ef16aeac3b32e4eab0a069a19befc258a5a56aa5b6d32d738d4164,1621,4,app-captain | app-client | app-field | app-partner,apps/app-captain/runtime/src/config/sentry-config.ts | apps/app-client/runtime/src/config/sentry-config.ts | apps/app-field/runtime/src/config/sentry-config.ts | apps/app-partner/runtime/src/config/sentry-config.ts,CLASSIFY_INTENTIONAL_GENERATED_RUNTIME_OR_MANUAL_DUPLICATE
DUP-0006,1c7259ebfb3596e171e71bda4f1592c65aa36e352ebf35162462ac35c9589039,638,4,app-captain | app-client | app-field | app-partner,apps/app-captain/runtime/.env.example | apps/app-client/runtime/.env.example | apps/app-field/runtime/.env.example | apps/app-partner/runtime/.env.example,CLASSIFY_INTENTIONAL_GENERATED_RUNTIME_OR_MANUAL_DUPLICATE
DUP-0007,3ea96ed535e28e1da112d17399461fd97d697ecf3ad47077dfc7ad8067e6c57b,268,4,app-captain | app-client | app-field | app-partner,apps/app-captain/runtime/start.ps1 | apps/app-client/runtime/start.ps1 | apps/app-field/runtime/start.ps1 | apps/app-partner/runtime/start.ps1,CLASSIFY_INTENTIONAL_GENERATED_RUNTIME_OR_MANUAL_DUPLICATE
DUP-0008,cde68f6236a64506d23193e55a1bb11cedb3788be467481d52521e756bf600c7,170,4,app-captain | app-client | app-field | app-partner,apps/app-captain/runtime/.easignore | apps/app-client/runtime/.easignore | apps/app-field/runtime/.easignore | apps/app-partner/runtime/.easignore,CLASSIFY_INTENTIONAL_GENERATED_RUNTIME_OR_MANUAL_DUPLICATE
DUP-0009,98d99b5d87c3448b610778614eb44208ac12606929b556d11c731b8bb434d835,165,4,identity | platform-control | providers | workforce,core/identity/tsconfig.json | core/platform-control/tsconfig.json | core/providers/tsconfig.json | core/workforce/tsconfig.json,CLASSIFY_INTENTIONAL_GENERATED_RUNTIME_OR_MANUAL_DUPLICATE
DUP-0010,c53dd01640f9a6190b5f09402f13d0ec5f199b2a6a3f673bb885ed308593e955,155,4,platform-control | providers | wlt | workforce,core/platform-control/backend/go.sum | core/providers/backend/go.sum | core/workforce/backend/go.sum | services/wlt/backend/go.sum,CLASSIFY_INTENTIONAL_GENERATED_RUNTIME_OR_MANUAL_DUPLICATE
DUP-0011,801879843e1f6311388b17fd31d3020fa1d324228d1c2e182385432c6b0ee926,99516,3,dsh,services/dsh/database/seeds/local/media/realistic/product-pharmacy-1.jpg | services/dsh/database/seeds/local/media/realistic/product-pharmacy-3.jpg | services/dsh/database/seeds/local/media/realistic/product-pharmacy-5.jpg,CLASSIFY_INTENTIONAL_GENERATED_RUNTIME_OR_MANUAL_DUPLICATE
DUP-0012,4fe8322b89315286d384f9f559eddff1945ffa203f82943abfec930072f0fdb5,61956,3,dsh,services/dsh/database/seeds/local/media/realistic/product-sweets-1.jpg | services/dsh/database/seeds/local/media/realistic/product-sweets-3.jpg | services/dsh/database/seeds/local/media/realistic/product-sweets-5.jpg,CLASSIFY_INTENTIONAL_GENERATED_RUNTIME_OR_MANUAL_DUPLICATE
DUP-0013,c17e0a35a66fecc6cc561650d5f2b92c2a1ce292775ac093e5b5d1b686a75637,227,3,app-captain | app-field | app-partner,apps/app-captain/runtime/fingerprint.config.js | apps/app-field/runtime/fingerprint.config.js | apps/app-partner/runtime/fingerprint.config.js,CLASSIFY_INTENTIONAL_GENERATED_RUNTIME_OR_MANUAL_DUPLICATE
DUP-0014,b1f52a9cb4db8ca5e04abd36515581c03bccfd8571fe1263b87935f66d612478,92331,2,dsh,services/dsh/database/seeds/local/media/realistic/product-pharmacy-2.jpg | services/dsh/database/seeds/local/media/realistic/product-pharmacy-4.jpg,CLASSIFY_INTENTIONAL_GENERATED_RUNTIME_OR_MANUAL_DUPLICATE
DUP-0015,4c922be4e9bf561be9d5cf35fc75b34904c777e7330c7ab485590548dda2872d,87316,2,dsh,services/dsh/database/seeds/local/media/realistic/product-sweets-2.jpg | services/dsh/database/seeds/local/media/realistic/product-sweets-4.jpg,CLASSIFY_INTENTIONAL_GENERATED_RUNTIME_OR_MANUAL_DUPLICATE
DUP-0016,e406962aebd49be55a62119dae6009ed02c0cfc3fa9f819167be8794485c67d7,11206,2,dsh | wlt,services/dsh/frontend/shared/_kernel/dsh-http-request.ts | services/wlt/frontend/shared/dsh/dsh-link/dsh-http-request.ts,MERGE_TRANSPORT_OWNER_AFTER_CONSUMER_MIGRATION
DUP-0017,23c139675e28dd36130206c3a1cff38af3bf58a738c99c720e9b70ad1ea43275,6019,2,repository | tools,apps/mobile/sentry-env.js | tools/mobile/sentry-env.js,CLASSIFY_INTENTIONAL_GENERATED_RUNTIME_OR_MANUAL_DUPLICATE
DUP-0018,6d342da61e4c451ca0f8022ab0fe9725ace9ab2d71edcbcbecc9778b3e8a40e1,2421,2,dsh | wlt,services/dsh/frontend/shared/_kernel/dsh-api-base-url.ts | services/wlt/frontend/shared/dsh/dsh-link/dsh-api-base-url.ts,MERGE_TRANSPORT_OWNER_AFTER_CONSUMER_MIGRATION
DUP-0019,5deed5b66ab7799fc53ac35b6e9dbded90c03a864f1734f0f56d02f20ed1f422,488,2,repository,.aiexclude | .cursorignore,CLASSIFY_INTENTIONAL_GENERATED_RUNTIME_OR_MANUAL_DUPLICATE
DUP-0020,7c976e5ec5d19d3046e110429a9390ed88be2f74ffc67a115dacf1c36db9063c,288,2,dsh | identity,core/identity/backend/osv-scanner.toml | services/dsh/backend/osv-scanner.toml,CLASSIFY_INTENTIONAL_GENERATED_RUNTIME_OR_MANUAL_DUPLICATE
DUP-0021,be3d67d22c0a4be02a452ad990006e059d4fd4a4d0a323c7cd10f4a4bf5272f3,140,2,app-captain | app-partner,apps/app-captain/runtime/tsconfig.json | apps/app-partner/runtime/tsconfig.json,CLASSIFY_INTENTIONAL_GENERATED_RUNTIME_OR_MANUAL_DUPLICATE
DUP-0022,f4cd051d0f7ea0a3093899c97f927d7e51bc525e7d48aeab94869936bb0aee55,113,2,app-captain | app-field,apps/app-captain/runtime/index.js | apps/app-field/runtime/index.js,CLASSIFY_INTENTIONAL_GENERATED_RUNTIME_OR_MANUAL_DUPLICATE
DUP-0023,d8c92aa6d3f8c7295aeda4d9dbfd203ec1cbc9a9bfb3b95b8c3ad9b2aca4df3f,104,2,app-client | app-partner,apps/app-client/runtime/index.js | apps/app-partner/runtime/index.js,CLASSIFY_INTENTIONAL_GENERATED_RUNTIME_OR_MANUAL_DUPLICATE
DUP-0024,98182b41c9ce3357797985cf12dc3b0124490ef88bc918a905373e7688e6aec9,8,2,repository,.node-version | .nvmrc,CLASSIFY_INTENTIONAL_GENERATED_RUNTIME_OR_MANUAL_DUPLICATE
