service,method,path,baseline_sha
DSH,GET,/dsh/captain/dispatch/assignments,f97dcbc3ecfbc19a130c4dbafef6cb7def9c3eb8
DSH,POST,/dsh/captain/dispatch/assignments/{assignmentId}/accept,f97dcbc3ecfbc19a130c4dbafef6cb7def9c3eb8
DSH,POST,/dsh/captain/dispatch/assignments/{assignmentId}/decline,f97dcbc3ecfbc19a130c4dbafef6cb7def9c3eb8
DSH,GET,/dsh/captain/dispatch/assignments/{assignmentId}/delivery-proof,f97dcbc3ecfbc19a130c4dbafef6cb7def9c3eb8
DSH,POST,/dsh/captain/dispatch/assignments/{assignmentId}/delivery-proof,f97dcbc3ecfbc19a130c4dbafef6cb7def9c3eb8
DSH,GET,/dsh/captain/dispatch/assignments/{assignmentId}/exceptions,f97dcbc3ecfbc19a130c4dbafef6cb7def9c3eb8
DSH,POST,/dsh/captain/dispatch/assignments/{assignmentId}/exceptions,f97dcbc3ecfbc19a130c4dbafef6cb7def9c3eb8
DSH,POST,/dsh/captain/dispatch/assignments/{assignmentId}/handoff-exceptions,f97dcbc3ecfbc19a130c4dbafef6cb7def9c3eb8
DSH,POST,/dsh/captain/dispatch/assignments/{assignmentId}/location,f97dcbc3ecfbc19a130c4dbafef6cb7def9c3eb8
DSH,POST,/dsh/captain/dispatch/assignments/{assignmentId}/pod,f97dcbc3ecfbc19a130c4dbafef6cb7def9c3eb8
DSH,POST,/dsh/captain/dispatch/assignments/{assignmentId}/return-to-store/arrive,f97dcbc3ecfbc19a130c4dbafef6cb7def9c3eb8
DSH,POST,/dsh/captain/dispatch/assignments/{assignmentId}/status,f97dcbc3ecfbc19a130c4dbafef6cb7def9c3eb8
DSH,GET,/dsh/captain/dispatch/financial-eligibility,f97dcbc3ecfbc19a130c4dbafef6cb7def9c3eb8
DSH,POST,/dsh/captain/dispatch/financial-eligibility/refresh,f97dcbc3ecfbc19a130c4dbafef6cb7def9c3eb8
DSH,GET,/dsh/captain/finance/cod-records,f97dcbc3ecfbc19a130c4dbafef6cb7def9c3eb8
DSH,POST,/dsh/captain/finance/cod-records/{recordId}/collect,f97dcbc3ecfbc19a130c4dbafef6cb7def9c3eb8
DSH,POST,/dsh/captain/finance/cod-records/{recordId}/remit,f97dcbc3ecfbc19a130c4dbafef6cb7def9c3eb8
DSH,GET,/dsh/captain/finance/commissions,f97dcbc3ecfbc19a130c4dbafef6cb7def9c3eb8
DSH,GET,/dsh/captain/finance/payouts,f97dcbc3ecfbc19a130c4dbafef6cb7def9c3eb8
DSH,GET,/dsh/captain/me/finance/commissions,f97dcbc3ecfbc19a130c4dbafef6cb7def9c3eb8
DSH,GET,/dsh/captain/me/finance/ledger-entries,f97dcbc3ecfbc19a130c4dbafef6cb7def9c3eb8
DSH,GET,/dsh/captain/me/finance/payout-destination,f97dcbc3ecfbc19a130c4dbafef6cb7def9c3eb8
DSH,PUT,/dsh/captain/me/finance/payout-destination,f97dcbc3ecfbc19a130c4dbafef6cb7def9c3eb8
DSH,POST,/dsh/captain/me/finance/payout-destination/deactivate,f97dcbc3ecfbc19a130c4dbafef6cb7def9c3eb8
DSH,GET,/dsh/captain/me/finance/payout-requests,f97dcbc3ecfbc19a130c4dbafef6cb7def9c3eb8
DSH,POST,/dsh/captain/me/finance/payout-requests,f97dcbc3ecfbc19a130c4dbafef6cb7def9c3eb8
DSH,GET,/dsh/captain/me/finance/wallet,f97dcbc3ecfbc19a130c4dbafef6cb7def9c3eb8
DSH,GET,/dsh/captain/me/ratings/summary,f97dcbc3ecfbc19a130c4dbafef6cb7def9c3eb8
DSH,GET,/dsh/captain/me/readiness,f97dcbc3ecfbc19a130c4dbafef6cb7def9c3eb8
DSH,POST,/dsh/captain/partner-fleet/connect,f97dcbc3ecfbc19a130c4dbafef6cb7def9c3eb8
DSH,GET,/dsh/captain/partner-fleet/memberships,f97dcbc3ecfbc19a130c4dbafef6cb7def9c3eb8
DSH,POST,/dsh/captain/partner-fleet/memberships/{teamMemberId}/disconnect,f97dcbc3ecfbc19a130c4dbafef6cb7def9c3eb8
DSH,POST,/dsh/captain/stores/{storeId}/pickup-readiness,f97dcbc3ecfbc19a130c4dbafef6cb7def9c3eb8
DSH,GET,/dsh/catalog-approvals,f97dcbc3ecfbc19a130c4dbafef6cb7def9c3eb8
DSH,POST,/dsh/catalog-approvals,f97dcbc3ecfbc19a130c4dbafef6cb7def9c3eb8
DSH,GET,/dsh/catalog-approvals/{recordId},f97dcbc3ecfbc19a130c4dbafef6cb7def9c3eb8
DSH,POST,/dsh/catalog-approvals/{recordId}/transition,f97dcbc3ecfbc19a130c4dbafef6cb7def9c3eb8
DSH,GET,/dsh/catalog/domains,f97dcbc3ecfbc19a130c4dbafef6cb7def9c3eb8
DSH,POST,/dsh/catalog/domains,f97dcbc3ecfbc19a130c4dbafef6cb7def9c3eb8
DSH,PATCH,/dsh/catalog/domains/{domainId},f97dcbc3ecfbc19a130c4dbafef6cb7def9c3eb8
DSH,GET,/dsh/catalog/master-products,f97dcbc3ecfbc19a130c4dbafef6cb7def9c3eb8
DSH,POST,/dsh/catalog/master-products,f97dcbc3ecfbc19a130c4dbafef6cb7def9c3eb8
DSH,PATCH,/dsh/catalog/master-products/{productId},f97dcbc3ecfbc19a130c4dbafef6cb7def9c3eb8
DSH,GET,/dsh/catalog/nodes,f97dcbc3ecfbc19a130c4dbafef6cb7def9c3eb8
DSH,POST,/dsh/catalog/nodes,f97dcbc3ecfbc19a130c4dbafef6cb7def9c3eb8
DSH,PATCH,/dsh/catalog/nodes/{nodeId},f97dcbc3ecfbc19a130c4dbafef6cb7def9c3eb8
DSH,GET,/dsh/catalog/policies,f97dcbc3ecfbc19a130c4dbafef6cb7def9c3eb8
DSH,PATCH,/dsh/catalog/policies/{policyId},f97dcbc3ecfbc19a130c4dbafef6cb7def9c3eb8
DSH,GET,/dsh/catalog/proposals,f97dcbc3ecfbc19a130c4dbafef6cb7def9c3eb8
DSH,POST,/dsh/catalog/proposals/{proposalId}/decision,f97dcbc3ecfbc19a130c4dbafef6cb7def9c3eb8
DSH,POST,/dsh/catalog/proposals/{proposalId}/transitions,f97dcbc3ecfbc19a130c4dbafef6cb7def9c3eb8
DSH,GET,/dsh/catalog/stores/{storeId}/assortment,f97dcbc3ecfbc19a130c4dbafef6cb7def9c3eb8
DSH,PUT,/dsh/catalog/stores/{storeId}/assortment/{masterProductId},f97dcbc3ecfbc19a130c4dbafef6cb7def9c3eb8
DSH,GET,/dsh/client/addresses,f97dcbc3ecfbc19a130c4dbafef6cb7def9c3eb8
DSH,POST,/dsh/client/addresses,f97dcbc3ecfbc19a130c4dbafef6cb7def9c3eb8
DSH,DELETE,/dsh/client/addresses/{addressId},f97dcbc3ecfbc19a130c4dbafef6cb7def9c3eb8
DSH,PATCH,/dsh/client/addresses/{addressId},f97dcbc3ecfbc19a130c4dbafef6cb7def9c3eb8
DSH,POST,/dsh/client/addresses/{addressId}/default,f97dcbc3ecfbc19a130c4dbafef6cb7def9c3eb8
DSH,GET,/dsh/client/benefits,f97dcbc3ecfbc19a130c4dbafef6cb7def9c3eb8
DSH,DELETE,/dsh/client/cart,f97dcbc3ecfbc19a130c4dbafef6cb7def9c3eb8
DSH,GET,/dsh/client/cart,f97dcbc3ecfbc19a130c4dbafef6cb7def9c3eb8
DSH,POST,/dsh/client/cart/items,f97dcbc3ecfbc19a130c4dbafef6cb7def9c3eb8
DSH,DELETE,/dsh/client/cart/items/{itemId},f97dcbc3ecfbc19a130c4dbafef6cb7def9c3eb8
DSH,POST,/dsh/client/cart/serviceability,f97dcbc3ecfbc19a130c4dbafef6cb7def9c3eb8
DSH,POST,/dsh/client/checkout-intents,f97dcbc3ecfbc19a130c4dbafef6cb7def9c3eb8
DSH,GET,/dsh/client/checkout-intents/{intentId},f97dcbc3ecfbc19a130c4dbafef6cb7def9c3eb8
DSH,POST,/dsh/client/checkout-intents/{intentId}/cancel,f97dcbc3ecfbc19a130c4dbafef6cb7def9c3eb8
DSH,POST,/dsh/client/maps/reverse,f97dcbc3ecfbc19a130c4dbafef6cb7def9c3eb8
DSH,POST,/dsh/client/maps/search,f97dcbc3ecfbc19a130c4dbafef6cb7def9c3eb8
DSH,POST,/dsh/client/marketing/subscriptions/purchase,f97dcbc3ecfbc19a130c4dbafef6cb7def9c3eb8
DSH,GET,/dsh/client/marketing/subscriptions/purchases/{purchaseId},f97dcbc3ecfbc19a130c4dbafef6cb7def9c3eb8
DSH,POST,/dsh/client/marketing/subscriptions/{purchaseId}/activate,f97dcbc3ecfbc19a130c4dbafef6cb7def9c3eb8
DSH,POST,/dsh/client/marketing/subscriptions/{subscriptionId}/cancel,f97dcbc3ecfbc19a130c4dbafef6cb7def9c3eb8
DSH,POST,/dsh/client/marketing/subscriptions/{subscriptionId}/renew,f97dcbc3ecfbc19a130c4dbafef6cb7def9c3eb8
DSH,GET,/dsh/client/me/finance/ledger-entries,f97dcbc3ecfbc19a130c4dbafef6cb7def9c3eb8
DSH,GET,/dsh/client/me/finance/wallet,f97dcbc3ecfbc19a130c4dbafef6cb7def9c3eb8
DSH,GET,/dsh/client/me/ratings/pending-order,f97dcbc3ecfbc19a130c4dbafef6cb7def9c3eb8
DSH,GET,/dsh/client/order-truth,f97dcbc3ecfbc19a130c4dbafef6cb7def9c3eb8
DSH,POST,/dsh/client/order-truth,f97dcbc3ecfbc19a130c4dbafef6cb7def9c3eb8
DSH,GET,/dsh/client/order-truth/{orderId},f97dcbc3ecfbc19a130c4dbafef6cb7def9c3eb8
DSH,GET,/dsh/client/order-truth/{orderId}/events,f97dcbc3ecfbc19a130c4dbafef6cb7def9c3eb8
DSH,GET,/dsh/client/orders,f97dcbc3ecfbc19a130c4dbafef6cb7def9c3eb8
DSH,POST,/dsh/client/orders,f97dcbc3ecfbc19a130c4dbafef6cb7def9c3eb8
DSH,GET,/dsh/client/orders/{orderId},f97dcbc3ecfbc19a130c4dbafef6cb7def9c3eb8
DSH,POST,/dsh/client/orders/{orderId}/cancel,f97dcbc3ecfbc19a130c4dbafef6cb7def9c3eb8
DSH,GET,/dsh/client/orders/{orderId}/cancellation,f97dcbc3ecfbc19a130c4dbafef6cb7def9c3eb8
DSH,POST,/dsh/client/orders/{orderId}/delivery-pin,f97dcbc3ecfbc19a130c4dbafef6cb7def9c3eb8
DSH,GET,/dsh/client/orders/{orderId}/delivery-proof,f97dcbc3ecfbc19a130c4dbafef6cb7def9c3eb8
DSH,GET,/dsh/client/orders/{orderId}/partner-delivery,f97dcbc3ecfbc19a130c4dbafef6cb7def9c3eb8
DSH,GET,/dsh/client/orders/{orderId}/pickup,f97dcbc3ecfbc19a130c4dbafef6cb7def9c3eb8
DSH,POST,/dsh/client/orders/{orderId}/preparation-issues/{issueId}/decision,f97dcbc3ecfbc19a130c4dbafef6cb7def9c3eb8
DSH,GET,/dsh/client/orders/{orderId}/rating-prompt,f97dcbc3ecfbc19a130c4dbafef6cb7def9c3eb8
DSH,POST,/dsh/client/orders/{orderId}/ratings,f97dcbc3ecfbc19a130c4dbafef6cb7def9c3eb8
DSH,GET,/dsh/client/orders/{orderId}/refunds,f97dcbc3ecfbc19a130c4dbafef6cb7def9c3eb8
DSH,GET,/dsh/client/orders/{orderId}/tracking,f97dcbc3ecfbc19a130c4dbafef6cb7def9c3eb8
DSH,GET,/dsh/client/special-requests,f97dcbc3ecfbc19a130c4dbafef6cb7def9c3eb8
DSH,POST,/dsh/client/special-requests,f97dcbc3ecfbc19a130c4dbafef6cb7def9c3eb8
DSH,GET,/dsh/client/special-requests/{requestId},f97dcbc3ecfbc19a130c4dbafef6cb7def9c3eb8
DSH,POST,/dsh/client/special-requests/{requestId}/approve-quote,f97dcbc3ecfbc19a130c4dbafef6cb7def9c3eb8
DSH,POST,/dsh/client/special-requests/{requestId}/cancel,f97dcbc3ecfbc19a130c4dbafef6cb7def9c3eb8
DSH,GET,/dsh/client/special-requests/{requestId}/execution,f97dcbc3ecfbc19a130c4dbafef6cb7def9c3eb8
DSH,GET,/dsh/client/special-requests/{requestId}/information-exchange,f97dcbc3ecfbc19a130c4dbafef6cb7def9c3eb8
DSH,POST,/dsh/client/special-requests/{requestId}/information-response,f97dcbc3ecfbc19a130c4dbafef6cb7def9c3eb8
DSH,GET,/dsh/control-panel/finance/cod-reconciliation-cases,f97dcbc3ecfbc19a130c4dbafef6cb7def9c3eb8
DSH,POST,/dsh/control-panel/finance/cod-reconciliation-cases/{caseId}/assign,f97dcbc3ecfbc19a130c4dbafef6cb7def9c3eb8
DSH,POST,/dsh/control-panel/finance/cod-reconciliation-cases/{caseId}/resolve,f97dcbc3ecfbc19a130c4dbafef6cb7def9c3eb8
DSH,GET,/dsh/control-panel/finance/cod-records,f97dcbc3ecfbc19a130c4dbafef6cb7def9c3eb8
DSH,PUT,/dsh/control-panel/finance/commission-policies,f97dcbc3ecfbc19a130c4dbafef6cb7def9c3eb8
DSH,GET,/dsh/control-panel/finance/commissions,f97dcbc3ecfbc19a130c4dbafef6cb7def9c3eb8
DSH,GET,/dsh/control-panel/finance/commissions/{commissionId},f97dcbc3ecfbc19a130c4dbafef6cb7def9c3eb8
DSH,POST,/dsh/control-panel/finance/commissions/{commissionId}/adjust,f97dcbc3ecfbc19a130c4dbafef6cb7def9c3eb8
DSH,POST,/dsh/control-panel/finance/commissions/{commissionId}/confirm,f97dcbc3ecfbc19a130c4dbafef6cb7def9c3eb8
DSH,POST,/dsh/control-panel/finance/commissions/{commissionId}/reject,f97dcbc3ecfbc19a130c4dbafef6cb7def9c3eb8
DSH,POST,/dsh/control-panel/finance/commissions/{commissionId}/reverse,f97dcbc3ecfbc19a130c4dbafef6cb7def9c3eb8
DSH,POST,/dsh/control-panel/finance/commissions/{commissionId}/settle,f97dcbc3ecfbc19a130c4dbafef6cb7def9c3eb8
DSH,GET,/dsh/control-panel/finance/financial-summary,f97dcbc3ecfbc19a130c4dbafef6cb7def9c3eb8
DSH,GET,/dsh/control-panel/finance/ledger/entries,f97dcbc3ecfbc19a130c4dbafef6cb7def9c3eb8
DSH,POST,/dsh/control-panel/finance/payment-sessions/{paymentSessionId}/refresh-provider-status,f97dcbc3ecfbc19a130c4dbafef6cb7def9c3eb8
DSH,GET,/dsh/control-panel/finance/payment-sessions/{paymentSessionId}/timeline,f97dcbc3ecfbc19a130c4dbafef6cb7def9c3eb8
DSH,GET,/dsh/control-panel/finance/payout-requests,f97dcbc3ecfbc19a130c4dbafef6cb7def9c3eb8
DSH,POST,/dsh/control-panel/finance/payout-requests/{payoutId}/approve,f97dcbc3ecfbc19a130c4dbafef6cb7def9c3eb8
DSH,GET,/dsh/control-panel/finance/payout-requests/{payoutId}/audit,f97dcbc3ecfbc19a130c4dbafef6cb7def9c3eb8
DSH,POST,/dsh/control-panel/finance/payout-requests/{payoutId}/complete,f97dcbc3ecfbc19a130c4dbafef6cb7def9c3eb8
DSH,POST,/dsh/control-panel/finance/payout-requests/{payoutId}/fail,f97dcbc3ecfbc19a130c4dbafef6cb7def9c3eb8
DSH,POST,/dsh/control-panel/finance/payout-requests/{payoutId}/process,f97dcbc3ecfbc19a130c4dbafef6cb7def9c3eb8
DSH,POST,/dsh/control-panel/finance/payout-requests/{payoutId}/reconcile,f97dcbc3ecfbc19a130c4dbafef6cb7def9c3eb8
DSH,POST,/dsh/control-panel/finance/payout-requests/{payoutId}/reject,f97dcbc3ecfbc19a130c4dbafef6cb7def9c3eb8
DSH,GET,/dsh/control-panel/finance/reconciliation-cases,f97dcbc3ecfbc19a130c4dbafef6cb7def9c3eb8
DSH,GET,/dsh/control-panel/finance/reconciliation-cases/{caseId},f97dcbc3ecfbc19a130c4dbafef6cb7def9c3eb8
DSH,POST,/dsh/control-panel/finance/reconciliation-cases/{caseId}/assign,f97dcbc3ecfbc19a130c4dbafef6cb7def9c3eb8
DSH,POST,/dsh/control-panel/finance/reconciliation-cases/{caseId}/resolve,f97dcbc3ecfbc19a130c4dbafef6cb7def9c3eb8
DSH,GET,/dsh/control-panel/finance/references/field-commission,f97dcbc3ecfbc19a130c4dbafef6cb7def9c3eb8
DSH,GET,/dsh/control-panel/finance/references/payment-status,f97dcbc3ecfbc19a130c4dbafef6cb7def9c3eb8
DSH,GET,/dsh/control-panel/finance/references/refund-status,f97dcbc3ecfbc19a130c4dbafef6cb7def9c3eb8
DSH,GET,/dsh/control-panel/finance/references/settlement-status,f97dcbc3ecfbc19a130c4dbafef6cb7def9c3eb8
DSH,GET,/dsh/control-panel/finance/refunds,f97dcbc3ecfbc19a130c4dbafef6cb7def9c3eb8
DSH,POST,/dsh/control-panel/finance/refunds,f97dcbc3ecfbc19a130c4dbafef6cb7def9c3eb8
DSH,GET,/dsh/control-panel/finance/refunds/{refundId},f97dcbc3ecfbc19a130c4dbafef6cb7def9c3eb8
DSH,POST,/dsh/control-panel/finance/refunds/{refundId}/approve,f97dcbc3ecfbc19a130c4dbafef6cb7def9c3eb8
DSH,GET,/dsh/control-panel/finance/refunds/{refundId}/audit,f97dcbc3ecfbc19a130c4dbafef6cb7def9c3eb8
DSH,POST,/dsh/control-panel/finance/refunds/{refundId}/complete,f97dcbc3ecfbc19a130c4dbafef6cb7def9c3eb8
DSH,POST,/dsh/control-panel/finance/refunds/{refundId}/reconcile,f97dcbc3ecfbc19a130c4dbafef6cb7def9c3eb8
DSH,POST,/dsh/control-panel/finance/refunds/{refundId}/reject,f97dcbc3ecfbc19a130c4dbafef6cb7def9c3eb8
DSH,GET,/dsh/control-panel/finance/settlement-policies/{partnerId},f97dcbc3ecfbc19a130c4dbafef6cb7def9c3eb8
DSH,PUT,/dsh/control-panel/finance/settlement-policies/{partnerId},f97dcbc3ecfbc19a130c4dbafef6cb7def9c3eb8
DSH,GET,/dsh/control-panel/finance/settlements,f97dcbc3ecfbc19a130c4dbafef6cb7def9c3eb8
DSH,POST,/dsh/control-panel/finance/settlements/from-delivered-orders,f97dcbc3ecfbc19a130c4dbafef6cb7def9c3eb8
DSH,GET,/dsh/control-panel/finance/settlements/summary,f97dcbc3ecfbc19a130c4dbafef6cb7def9c3eb8
DSH,GET,/dsh/control-panel/finance/settlements/{settlementId}/evidence,f97dcbc3ecfbc19a130c4dbafef6cb7def9c3eb8
DSH,GET,/dsh/control-panel/finance/wallets/{actorType}/{actorId},f97dcbc3ecfbc19a130c4dbafef6cb7def9c3eb8
DSH,GET,/dsh/control-panel/finance/wallets/{actorType}/{actorId}/ledger-entries,f97dcbc3ecfbc19a130c4dbafef6cb7def9c3eb8
DSH,GET,/dsh/field/catalog/attributes,f97dcbc3ecfbc19a130c4dbafef6cb7def9c3eb8
DSH,GET,/dsh/field/catalog/attributes/{attributeId}/options,f97dcbc3ecfbc19a130c4dbafef6cb7def9c3eb8
DSH,GET,/dsh/field/catalog/domains,f97dcbc3ecfbc19a130c4dbafef6cb7def9c3eb8
DSH,GET,/dsh/field/catalog/master-products,f97dcbc3ecfbc19a130c4dbafef6cb7def9c3eb8
DSH,GET,/dsh/field/catalog/master-products/{productId}/attribute-values,f97dcbc3ecfbc19a130c4dbafef6cb7def9c3eb8
DSH,GET,/dsh/field/catalog/master-products/{productId}/relationships,f97dcbc3ecfbc19a130c4dbafef6cb7def9c3eb8
DSH,GET,/dsh/field/catalog/nodes,f97dcbc3ecfbc19a130c4dbafef6cb7def9c3eb8
DSH,GET,/dsh/field/catalog/stores/{storeId}/assortment,f97dcbc3ecfbc19a130c4dbafef6cb7def9c3eb8
DSH,PUT,/dsh/field/catalog/stores/{storeId}/assortment/{masterProductId},f97dcbc3ecfbc19a130c4dbafef6cb7def9c3eb8
DSH,GET,/dsh/field/catalog/taxonomy,f97dcbc3ecfbc19a130c4dbafef6cb7def9c3eb8
DSH,GET,/dsh/field/finance/commissions,f97dcbc3ecfbc19a130c4dbafef6cb7def9c3eb8
DSH,GET,/dsh/field/finance/payout-destinations,f97dcbc3ecfbc19a130c4dbafef6cb7def9c3eb8
DSH,DELETE,/dsh/field/finance/payout-destinations/{destinationId},f97dcbc3ecfbc19a130c4dbafef6cb7def9c3eb8
DSH,GET,/dsh/field/finance/payout-destinations/{destinationId},f97dcbc3ecfbc19a130c4dbafef6cb7def9c3eb8
DSH,GET,/dsh/field/finance/payouts,f97dcbc3ecfbc19a130c4dbafef6cb7def9c3eb8
DSH,GET,/dsh/field/finance/wallet,f97dcbc3ecfbc19a130c4dbafef6cb7def9c3eb8
DSH,GET,/dsh/field/me/finance/commissions,f97dcbc3ecfbc19a130c4dbafef6cb7def9c3eb8
DSH,GET,/dsh/field/me/finance/ledger-entries,f97dcbc3ecfbc19a130c4dbafef6cb7def9c3eb8
DSH,GET,/dsh/field/me/finance/payout-destination,f97dcbc3ecfbc19a130c4dbafef6cb7def9c3eb8
DSH,PUT,/dsh/field/me/finance/payout-destination,f97dcbc3ecfbc19a130c4dbafef6cb7def9c3eb8
DSH,POST,/dsh/field/me/finance/payout-destination/deactivate,f97dcbc3ecfbc19a130c4dbafef6cb7def9c3eb8
DSH,GET,/dsh/field/me/finance/payout-requests,f97dcbc3ecfbc19a130c4dbafef6cb7def9c3eb8
DSH,POST,/dsh/field/me/finance/payout-requests,f97dcbc3ecfbc19a130c4dbafef6cb7def9c3eb8
DSH,GET,/dsh/field/me/finance/wallet,f97dcbc3ecfbc19a130c4dbafef6cb7def9c3eb8
DSH,GET,/dsh/field/me/ratings/summary,f97dcbc3ecfbc19a130c4dbafef6cb7def9c3eb8
DSH,POST,/dsh/field/media/uploads,f97dcbc3ecfbc19a130c4dbafef6cb7def9c3eb8
DSH,GET,/dsh/field/partners,f97dcbc3ecfbc19a130c4dbafef6cb7def9c3eb8
DSH,POST,/dsh/field/partners/drafts,f97dcbc3ecfbc19a130c4dbafef6cb7def9c3eb8
DSH,GET,/dsh/field/partners/{partnerId},f97dcbc3ecfbc19a130c4dbafef6cb7def9c3eb8
DSH,PATCH,/dsh/field/partners/{partnerId},f97dcbc3ecfbc19a130c4dbafef6cb7def9c3eb8
DSH,GET,/dsh/field/partners/{partnerId}/assortment,f97dcbc3ecfbc19a130c4dbafef6cb7def9c3eb8
DSH,GET,/dsh/field/partners/{partnerId}/assortment-pauses,f97dcbc3ecfbc19a130c4dbafef6cb7def9c3eb8
DSH,POST,/dsh/field/partners/{partnerId}/assortment/{masterProductId}/pause,f97dcbc3ecfbc19a130c4dbafef6cb7def9c3eb8
DSH,POST,/dsh/field/partners/{partnerId}/assortment/{masterProductId}/resume,f97dcbc3ecfbc19a130c4dbafef6cb7def9c3eb8
DSH,GET,/dsh/field/partners/{partnerId}/catalog/product-proposals,f97dcbc3ecfbc19a130c4dbafef6cb7def9c3eb8
DSH,POST,/dsh/field/partners/{partnerId}/catalog/product-proposals,f97dcbc3ecfbc19a130c4dbafef6cb7def9c3eb8
DSH,PATCH,/dsh/field/partners/{partnerId}/catalog/product-proposals/{proposalId},f97dcbc3ecfbc19a130c4dbafef6cb7def9c3eb8
DSH,GET,/dsh/field/partners/{partnerId}/documents,f97dcbc3ecfbc19a130c4dbafef6cb7def9c3eb8
DSH,POST,/dsh/field/partners/{partnerId}/documents,f97dcbc3ecfbc19a130c4dbafef6cb7def9c3eb8
DSH,GET,/dsh/field/partners/{partnerId}/field-visits,f97dcbc3ecfbc19a130c4dbafef6cb7def9c3eb8
DSH,GET,/dsh/field/partners/{partnerId}/readiness,f97dcbc3ecfbc19a130c4dbafef6cb7def9c3eb8
DSH,GET,/dsh/field/partners/{partnerId}/store,f97dcbc3ecfbc19a130c4dbafef6cb7def9c3eb8
DSH,PATCH,/dsh/field/partners/{partnerId}/store,f97dcbc3ecfbc19a130c4dbafef6cb7def9c3eb8
DSH,POST,/dsh/field/partners/{partnerId}/stores/{storeId}/assortment/batch,f97dcbc3ecfbc19a130c4dbafef6cb7def9c3eb8
DSH,PUT,/dsh/field/partners/{partnerId}/stores/{storeId}/assortment/{masterProductId},f97dcbc3ecfbc19a130c4dbafef6cb7def9c3eb8
DSH,POST,/dsh/field/partners/{partnerId}/submit,f97dcbc3ecfbc19a130c4dbafef6cb7def9c3eb8
DSH,POST,/dsh/field/partners/{partnerId}/visits,f97dcbc3ecfbc19a130c4dbafef6cb7def9c3eb8
DSH,POST,/dsh/field/stores/{storeId}/escalations,f97dcbc3ecfbc19a130c4dbafef6cb7def9c3eb8
DSH,POST,/dsh/field/stores/{storeId}/verifications,f97dcbc3ecfbc19a130c4dbafef6cb7def9c3eb8
DSH,GET,/dsh/field/stores/{storeId}/visits,f97dcbc3ecfbc19a130c4dbafef6cb7def9c3eb8
DSH,POST,/dsh/field/stores/{storeId}/visits,f97dcbc3ecfbc19a130c4dbafef6cb7def9c3eb8
DSH,GET,/dsh/field/visits/{visitId}/checks,f97dcbc3ecfbc19a130c4dbafef6cb7def9c3eb8
DSH,PUT,/dsh/field/visits/{visitId}/checks,f97dcbc3ecfbc19a130c4dbafef6cb7def9c3eb8
DSH,POST,/dsh/field/visits/{visitId}/complete,f97dcbc3ecfbc19a130c4dbafef6cb7def9c3eb8
DSH,GET,/dsh/field/work-queue,f97dcbc3ecfbc19a130c4dbafef6cb7def9c3eb8
DSH,GET,/dsh/health,f97dcbc3ecfbc19a130c4dbafef6cb7def9c3eb8
DSH,GET,/dsh/home-discovery,f97dcbc3ecfbc19a130c4dbafef6cb7def9c3eb8
DSH,POST,/dsh/home-discovery/events,f97dcbc3ecfbc19a130c4dbafef6cb7def9c3eb8
DSH,POST,/dsh/internal/wlt/payment-session-events,f97dcbc3ecfbc19a130c4dbafef6cb7def9c3eb8
DSH,POST,/dsh/internal/workforce/availability-projections,f97dcbc3ecfbc19a130c4dbafef6cb7def9c3eb8
DSH,GET,/dsh/media,f97dcbc3ecfbc19a130c4dbafef6cb7def9c3eb8
DSH,GET,/dsh/notifications,f97dcbc3ecfbc19a130c4dbafef6cb7def9c3eb8
DSH,GET,/dsh/notifications/preferences,f97dcbc3ecfbc19a130c4dbafef6cb7def9c3eb8
DSH,PUT,/dsh/notifications/preferences,f97dcbc3ecfbc19a130c4dbafef6cb7def9c3eb8
DSH,PUT,/dsh/notifications/push-endpoints,f97dcbc3ecfbc19a130c4dbafef6cb7def9c3eb8
DSH,DELETE,/dsh/notifications/push-endpoints/{deviceId},f97dcbc3ecfbc19a130c4dbafef6cb7def9c3eb8
DSH,POST,/dsh/notifications/read-all,f97dcbc3ecfbc19a130c4dbafef6cb7def9c3eb8
DSH,POST,/dsh/notifications/{notificationId}/read,f97dcbc3ecfbc19a130c4dbafef6cb7def9c3eb8
DSH,GET,/dsh/operator/admin/approvals,f97dcbc3ecfbc19a130c4dbafef6cb7def9c3eb8
DSH,POST,/dsh/operator/admin/approvals/{approvalId}/review,f97dcbc3ecfbc19a130c4dbafef6cb7def9c3eb8
DSH,POST,/dsh/operator/admin/approvals/{approvalId}/rollback-requests,f97dcbc3ecfbc19a130c4dbafef6cb7def9c3eb8
DSH,GET,/dsh/operator/admin/audit,f97dcbc3ecfbc19a130c4dbafef6cb7def9c3eb8
DSH,GET,/dsh/operator/admin/captains,f97dcbc3ecfbc19a130c4dbafef6cb7def9c3eb8
DSH,GET,/dsh/operator/admin/diagnostics,f97dcbc3ecfbc19a130c4dbafef6cb7def9c3eb8
DSH,GET,/dsh/operator/admin/partners,f97dcbc3ecfbc19a130c4dbafef6cb7def9c3eb8
DSH,GET,/dsh/operator/admin/role-requests,f97dcbc3ecfbc19a130c4dbafef6cb7def9c3eb8
DSH,POST,/dsh/operator/admin/role-requests/{requestId}/review,f97dcbc3ecfbc19a130c4dbafef6cb7def9c3eb8
DSH,GET,/dsh/operator/admin/roles,f97dcbc3ecfbc19a130c4dbafef6cb7def9c3eb8
DSH,POST,/dsh/operator/admin/roles/requests,f97dcbc3ecfbc19a130c4dbafef6cb7def9c3eb8
DSH,GET,/dsh/operator/admin/rollback-requests,f97dcbc3ecfbc19a130c4dbafef6cb7def9c3eb8
DSH,POST,/dsh/operator/admin/rollback-requests/{requestId}/review,f97dcbc3ecfbc19a130c4dbafef6cb7def9c3eb8
DSH,GET,/dsh/operator/admin/staff,f97dcbc3ecfbc19a130c4dbafef6cb7def9c3eb8
DSH,POST,/dsh/operator/admin/staff/{staffId}/roles,f97dcbc3ecfbc19a130c4dbafef6cb7def9c3eb8
DSH,GET,/dsh/operator/admin/support-sessions,f97dcbc3ecfbc19a130c4dbafef6cb7def9c3eb8
DSH,POST,/dsh/operator/admin/support-sessions,f97dcbc3ecfbc19a130c4dbafef6cb7def9c3eb8
DSH,POST,/dsh/operator/admin/support-sessions/{requestId}/review,f97dcbc3ecfbc19a130c4dbafef6cb7def9c3eb8
DSH,POST,/dsh/operator/admin/support-sessions/{requestId}/revoke,f97dcbc3ecfbc19a130c4dbafef6cb7def9c3eb8
DSH,GET,/dsh/operator/admin/support/snapshot,f97dcbc3ecfbc19a130c4dbafef6cb7def9c3eb8
DSH,GET,/dsh/operator/analytics/captains,f97dcbc3ecfbc19a130c4dbafef6cb7def9c3eb8
DSH,GET,/dsh/operator/analytics/delivery,f97dcbc3ecfbc19a130c4dbafef6cb7def9c3eb8
DSH,GET,/dsh/operator/analytics/drill-down/orders,f97dcbc3ecfbc19a130c4dbafef6cb7def9c3eb8
DSH,GET,/dsh/operator/analytics/export.csv,f97dcbc3ecfbc19a130c4dbafef6cb7def9c3eb8
DSH,GET,/dsh/operator/analytics/field,f97dcbc3ecfbc19a130c4dbafef6cb7def9c3eb8
DSH,GET,/dsh/operator/analytics/financial-snapshot,f97dcbc3ecfbc19a130c4dbafef6cb7def9c3eb8
DSH,GET,/dsh/operator/analytics/operations,f97dcbc3ecfbc19a130c4dbafef6cb7def9c3eb8
DSH,GET,/dsh/operator/analytics/orders,f97dcbc3ecfbc19a130c4dbafef6cb7def9c3eb8
DSH,GET,/dsh/operator/analytics/platform,f97dcbc3ecfbc19a130c4dbafef6cb7def9c3eb8
DSH,GET,/dsh/operator/analytics/preparation-sla,f97dcbc3ecfbc19a130c4dbafef6cb7def9c3eb8
DSH,GET,/dsh/operator/analytics/stores,f97dcbc3ecfbc19a130c4dbafef6cb7def9c3eb8
DSH,GET,/dsh/operator/analytics/support,f97dcbc3ecfbc19a130c4dbafef6cb7def9c3eb8
DSH,GET,/dsh/operator/carts,f97dcbc3ecfbc19a130c4dbafef6cb7def9c3eb8
DSH,GET,/dsh/operator/catalog/asset-links,f97dcbc3ecfbc19a130c4dbafef6cb7def9c3eb8
DSH,GET,/dsh/operator/catalog/assets,f97dcbc3ecfbc19a130c4dbafef6cb7def9c3eb8
DSH,POST,/dsh/operator/catalog/assets/upload-intents,f97dcbc3ecfbc19a130c4dbafef6cb7def9c3eb8
DSH,DELETE,/dsh/operator/catalog/assets/{assetId},f97dcbc3ecfbc19a130c4dbafef6cb7def9c3eb8
DSH,PATCH,/dsh/operator/catalog/assets/{assetId},f97dcbc3ecfbc19a130c4dbafef6cb7def9c3eb8
DSH,POST,/dsh/operator/catalog/assets/{assetId}/complete,f97dcbc3ecfbc19a130c4dbafef6cb7def9c3eb8
DSH,POST,/dsh/operator/catalog/assets/{assetId}/link,f97dcbc3ecfbc19a130c4dbafef6cb7def9c3eb8
DSH,DELETE,/dsh/operator/catalog/assets/{assetId}/links/{linkId},f97dcbc3ecfbc19a130c4dbafef6cb7def9c3eb8
DSH,POST,/dsh/operator/catalog/assets/{assetId}/review,f97dcbc3ecfbc19a130c4dbafef6cb7def9c3eb8
DSH,GET,/dsh/operator/catalog/attributes,f97dcbc3ecfbc19a130c4dbafef6cb7def9c3eb8
DSH,POST,/dsh/operator/catalog/attributes,f97dcbc3ecfbc19a130c4dbafef6cb7def9c3eb8
DSH,GET,/dsh/operator/catalog/attributes/{attributeId}/options,f97dcbc3ecfbc19a130c4dbafef6cb7def9c3eb8
DSH,POST,/dsh/operator/catalog/attributes/{attributeId}/options,f97dcbc3ecfbc19a130c4dbafef6cb7def9c3eb8
DSH,GET,/dsh/operator/catalog/audit,f97dcbc3ecfbc19a130c4dbafef6cb7def9c3eb8
DSH,POST,/dsh/operator/catalog/audit/{auditId}/rollback,f97dcbc3ecfbc19a130c4dbafef6cb7def9c3eb8
DSH,GET,/dsh/operator/catalog/domains,f97dcbc3ecfbc19a130c4dbafef6cb7def9c3eb8
DSH,POST,/dsh/operator/catalog/domains,f97dcbc3ecfbc19a130c4dbafef6cb7def9c3eb8
DSH,PATCH,/dsh/operator/catalog/domains/{domainId},f97dcbc3ecfbc19a130c4dbafef6cb7def9c3eb8
DSH,PUT,/dsh/operator/catalog/domains/{domainId}/images/{role},f97dcbc3ecfbc19a130c4dbafef6cb7def9c3eb8
DSH,GET,/dsh/operator/catalog/master-products,f97dcbc3ecfbc19a130c4dbafef6cb7def9c3eb8
DSH,POST,/dsh/operator/catalog/master-products,f97dcbc3ecfbc19a130c4dbafef6cb7def9c3eb8
DSH,GET,/dsh/operator/catalog/master-products/{productId},f97dcbc3ecfbc19a130c4dbafef6cb7def9c3eb8
DSH,PATCH,/dsh/operator/catalog/master-products/{productId},f97dcbc3ecfbc19a130c4dbafef6cb7def9c3eb8
DSH,GET,/dsh/operator/catalog/master-products/{productId}/attribute-values,f97dcbc3ecfbc19a130c4dbafef6cb7def9c3eb8
DSH,PUT,/dsh/operator/catalog/master-products/{productId}/attribute-values/{attributeId},f97dcbc3ecfbc19a130c4dbafef6cb7def9c3eb8
DSH,PUT,/dsh/operator/catalog/master-products/{productId}/images/{role},f97dcbc3ecfbc19a130c4dbafef6cb7def9c3eb8
DSH,GET,/dsh/operator/catalog/master-products/{productId}/relationships,f97dcbc3ecfbc19a130c4dbafef6cb7def9c3eb8
DSH,PUT,/dsh/operator/catalog/master-products/{productId}/relationships,f97dcbc3ecfbc19a130c4dbafef6cb7def9c3eb8
DSH,DELETE,/dsh/operator/catalog/master-products/{productId}/relationships/{relationshipId},f97dcbc3ecfbc19a130c4dbafef6cb7def9c3eb8
DSH,GET,/dsh/operator/catalog/nodes,f97dcbc3ecfbc19a130c4dbafef6cb7def9c3eb8
DSH,POST,/dsh/operator/catalog/nodes,f97dcbc3ecfbc19a130c4dbafef6cb7def9c3eb8
DSH,PATCH,/dsh/operator/catalog/nodes/{nodeId},f97dcbc3ecfbc19a130c4dbafef6cb7def9c3eb8
DSH,PUT,/dsh/operator/catalog/nodes/{nodeId}/attributes/{attributeId},f97dcbc3ecfbc19a130c4dbafef6cb7def9c3eb8
DSH,PUT,/dsh/operator/catalog/nodes/{nodeId}/images/{role},f97dcbc3ecfbc19a130c4dbafef6cb7def9c3eb8
DSH,GET,/dsh/operator/catalog/platform-policies,f97dcbc3ecfbc19a130c4dbafef6cb7def9c3eb8
DSH,PATCH,/dsh/operator/catalog/platform-policies/{policyId},f97dcbc3ecfbc19a130c4dbafef6cb7def9c3eb8
DSH,PUT,/dsh/operator/catalog/platform-policies/{policyId},f97dcbc3ecfbc19a130c4dbafef6cb7def9c3eb8
DSH,GET,/dsh/operator/catalog/product-proposals,f97dcbc3ecfbc19a130c4dbafef6cb7def9c3eb8
DSH,POST,/dsh/operator/catalog/product-proposals/{proposalId}/decision,f97dcbc3ecfbc19a130c4dbafef6cb7def9c3eb8
DSH,PUT,/dsh/operator/catalog/product-proposals/{proposalId}/images/{role},f97dcbc3ecfbc19a130c4dbafef6cb7def9c3eb8
DSH,POST,/dsh/operator/catalog/product-proposals/{proposalId}/transition,f97dcbc3ecfbc19a130c4dbafef6cb7def9c3eb8
DSH,GET,/dsh/operator/catalog/seed-status,f97dcbc3ecfbc19a130c4dbafef6cb7def9c3eb8
DSH,PUT,/dsh/operator/catalog/stores/{storeId}/images/{role},f97dcbc3ecfbc19a130c4dbafef6cb7def9c3eb8
DSH,GET,/dsh/operator/checkout-intents,f97dcbc3ecfbc19a130c4dbafef6cb7def9c3eb8
DSH,POST,/dsh/operator/checkout-intents/{intentId}/reconcile,f97dcbc3ecfbc19a130c4dbafef6cb7def9c3eb8
DSH,GET,/dsh/operator/delivery-exceptions,f97dcbc3ecfbc19a130c4dbafef6cb7def9c3eb8
DSH,POST,/dsh/operator/delivery-exceptions/{exceptionId}/acknowledge,f97dcbc3ecfbc19a130c4dbafef6cb7def9c3eb8
DSH,POST,/dsh/operator/delivery-exceptions/{exceptionId}/resolve,f97dcbc3ecfbc19a130c4dbafef6cb7def9c3eb8
DSH,GET,/dsh/operator/delivery-proofs,f97dcbc3ecfbc19a130c4dbafef6cb7def9c3eb8
DSH,GET,/dsh/operator/delivery-proofs/{proofId},f97dcbc3ecfbc19a130c4dbafef6cb7def9c3eb8
DSH,POST,/dsh/operator/delivery-proofs/{proofId}/accept,f97dcbc3ecfbc19a130c4dbafef6cb7def9c3eb8
DSH,POST,/dsh/operator/delivery-proofs/{proofId}/reject,f97dcbc3ecfbc19a130c4dbafef6cb7def9c3eb8
DSH,GET,/dsh/operator/diagnostics/stores/{storeId},f97dcbc3ecfbc19a130c4dbafef6cb7def9c3eb8
DSH,GET,/dsh/operator/dispatch/assignments,f97dcbc3ecfbc19a130c4dbafef6cb7def9c3eb8
DSH,POST,/dsh/operator/dispatch/assignments,f97dcbc3ecfbc19a130c4dbafef6cb7def9c3eb8
DSH,POST,/dsh/operator/dispatch/assignments/expire,f97dcbc3ecfbc19a130c4dbafef6cb7def9c3eb8
DSH,POST,/dsh/operator/dispatch/assignments/{assignmentId}/cancel,f97dcbc3ecfbc19a130c4dbafef6cb7def9c3eb8
DSH,POST,/dsh/operator/dispatch/assignments/{assignmentId}/reassign,f97dcbc3ecfbc19a130c4dbafef6cb7def9c3eb8
DSH,GET,/dsh/operator/dispatch/candidates,f97dcbc3ecfbc19a130c4dbafef6cb7def9c3eb8
DSH,GET,/dsh/operator/dispatch/capacity-forecast,f97dcbc3ecfbc19a130c4dbafef6cb7def9c3eb8
DSH,PUT,/dsh/operator/dispatch/capacity-policies/{serviceAreaCode},f97dcbc3ecfbc19a130c4dbafef6cb7def9c3eb8
DSH,GET,/dsh/operator/dispatch/captains/{captainId}/financial-eligibility,f97dcbc3ecfbc19a130c4dbafef6cb7def9c3eb8
DSH,POST,/dsh/operator/dispatch/captains/{captainId}/financial-eligibility/refresh,f97dcbc3ecfbc19a130c4dbafef6cb7def9c3eb8
DSH,PUT,/dsh/operator/dispatch/captains/{captainId}/profile,f97dcbc3ecfbc19a130c4dbafef6cb7def9c3eb8
DSH,GET,/dsh/operator/dispatch/captains/{captainId}/readiness,f97dcbc3ecfbc19a130c4dbafef6cb7def9c3eb8
DSH,GET,/dsh/operator/dispatch/decisions,f97dcbc3ecfbc19a130c4dbafef6cb7def9c3eb8
DSH,GET,/dsh/operator/dispatch/heatmap,f97dcbc3ecfbc19a130c4dbafef6cb7def9c3eb8
DSH,GET,/dsh/operator/dispatch/tracking-alerts,f97dcbc3ecfbc19a130c4dbafef6cb7def9c3eb8
DSH,GET,/dsh/operator/field-readiness/escalations,f97dcbc3ecfbc19a130c4dbafef6cb7def9c3eb8
DSH,PATCH,/dsh/operator/field-readiness/escalations/{escalationId},f97dcbc3ecfbc19a130c4dbafef6cb7def9c3eb8
DSH,GET,/dsh/operator/home-discovery/{kind},f97dcbc3ecfbc19a130c4dbafef6cb7def9c3eb8
DSH,POST,/dsh/operator/home-discovery/{kind},f97dcbc3ecfbc19a130c4dbafef6cb7def9c3eb8
DSH,DELETE,/dsh/operator/home-discovery/{kind}/{itemId},f97dcbc3ecfbc19a130c4dbafef6cb7def9c3eb8
DSH,PATCH,/dsh/operator/home-discovery/{kind}/{itemId},f97dcbc3ecfbc19a130c4dbafef6cb7def9c3eb8
DSH,GET,/dsh/operator/home-discovery/{kind}/{itemId}/targeting,f97dcbc3ecfbc19a130c4dbafef6cb7def9c3eb8
DSH,PUT,/dsh/operator/home-discovery/{kind}/{itemId}/targeting,f97dcbc3ecfbc19a130c4dbafef6cb7def9c3eb8
DSH,GET,/dsh/operator/incidents,f97dcbc3ecfbc19a130c4dbafef6cb7def9c3eb8
DSH,POST,/dsh/operator/incidents,f97dcbc3ecfbc19a130c4dbafef6cb7def9c3eb8
DSH,PATCH,/dsh/operator/incidents/{incidentId},f97dcbc3ecfbc19a130c4dbafef6cb7def9c3eb8
DSH,GET,/dsh/operator/marketing/campaigns,f97dcbc3ecfbc19a130c4dbafef6cb7def9c3eb8
DSH,POST,/dsh/operator/marketing/campaigns,f97dcbc3ecfbc19a130c4dbafef6cb7def9c3eb8
DSH,DELETE,/dsh/operator/marketing/campaigns/{campaignId},f97dcbc3ecfbc19a130c4dbafef6cb7def9c3eb8
DSH,GET,/dsh/operator/marketing/campaigns/{campaignId},f97dcbc3ecfbc19a130c4dbafef6cb7def9c3eb8
DSH,PATCH,/dsh/operator/marketing/campaigns/{campaignId},f97dcbc3ecfbc19a130c4dbafef6cb7def9c3eb8
DSH,GET,/dsh/operator/marketing/coupons,f97dcbc3ecfbc19a130c4dbafef6cb7def9c3eb8
DSH,POST,/dsh/operator/marketing/coupons,f97dcbc3ecfbc19a130c4dbafef6cb7def9c3eb8
DSH,PATCH,/dsh/operator/marketing/coupons/{couponId},f97dcbc3ecfbc19a130c4dbafef6cb7def9c3eb8
DSH,GET,/dsh/operator/marketing/loyalty-earning-policies,f97dcbc3ecfbc19a130c4dbafef6cb7def9c3eb8
DSH,POST,/dsh/operator/marketing/loyalty-earning-policies,f97dcbc3ecfbc19a130c4dbafef6cb7def9c3eb8
DSH,PATCH,/dsh/operator/marketing/loyalty-earning-policies/{policyId},f97dcbc3ecfbc19a130c4dbafef6cb7def9c3eb8
DSH,GET,/dsh/operator/marketing/loyalty-tiers,f97dcbc3ecfbc19a130c4dbafef6cb7def9c3eb8
DSH,POST,/dsh/operator/marketing/loyalty-tiers,f97dcbc3ecfbc19a130c4dbafef6cb7def9c3eb8
DSH,PATCH,/dsh/operator/marketing/loyalty-tiers/{tierId},f97dcbc3ecfbc19a130c4dbafef6cb7def9c3eb8
DSH,GET,/dsh/operator/marketing/partner-offers,f97dcbc3ecfbc19a130c4dbafef6cb7def9c3eb8
DSH,DELETE,/dsh/operator/marketing/partner-offers/{offerId},f97dcbc3ecfbc19a130c4dbafef6cb7def9c3eb8
DSH,PATCH,/dsh/operator/marketing/partner-offers/{offerId},f97dcbc3ecfbc19a130c4dbafef6cb7def9c3eb8
DSH,GET,/dsh/operator/marketing/subscription-plans,f97dcbc3ecfbc19a130c4dbafef6cb7def9c3eb8
DSH,POST,/dsh/operator/marketing/subscription-plans,f97dcbc3ecfbc19a130c4dbafef6cb7def9c3eb8
DSH,PATCH,/dsh/operator/marketing/subscription-plans/{planId},f97dcbc3ecfbc19a130c4dbafef6cb7def9c3eb8
DSH,GET,/dsh/operator/marketing/tickers,f97dcbc3ecfbc19a130c4dbafef6cb7def9c3eb8
DSH,POST,/dsh/operator/marketing/tickers,f97dcbc3ecfbc19a130c4dbafef6cb7def9c3eb8
DSH,DELETE,/dsh/operator/marketing/tickers/{tickerId},f97dcbc3ecfbc19a130c4dbafef6cb7def9c3eb8
DSH,PATCH,/dsh/operator/marketing/tickers/{tickerId},f97dcbc3ecfbc19a130c4dbafef6cb7def9c3eb8
DSH,GET,/dsh/operator/notifications/config,f97dcbc3ecfbc19a130c4dbafef6cb7def9c3eb8
DSH,PUT,/dsh/operator/notifications/config,f97dcbc3ecfbc19a130c4dbafef6cb7def9c3eb8
DSH,GET,/dsh/operator/notifications/delivery-attempts,f97dcbc3ecfbc19a130c4dbafef6cb7def9c3eb8
DSH,GET,/dsh/operator/operational-incidents,f97dcbc3ecfbc19a130c4dbafef6cb7def9c3eb8
DSH,POST,/dsh/operator/operational-incidents,f97dcbc3ecfbc19a130c4dbafef6cb7def9c3eb8
DSH,GET,/dsh/operator/operational-incidents/{incidentId},f97dcbc3ecfbc19a130c4dbafef6cb7def9c3eb8
DSH,GET,/dsh/operator/order-preparation/alerts,f97dcbc3ecfbc19a130c4dbafef6cb7def9c3eb8
DSH,POST,/dsh/operator/order-preparation/alerts/refresh,f97dcbc3ecfbc19a130c4dbafef6cb7def9c3eb8
DSH,POST,/dsh/operator/order-preparation/alerts/{alertId}/acknowledge,f97dcbc3ecfbc19a130c4dbafef6cb7def9c3eb8
DSH,GET,/dsh/operator/order-truth,f97dcbc3ecfbc19a130c4dbafef6cb7def9c3eb8
DSH,GET,/dsh/operator/order-truth/diagnostics,f97dcbc3ecfbc19a130c4dbafef6cb7def9c3eb8
DSH,GET,/dsh/operator/order-truth/{orderId},f97dcbc3ecfbc19a130c4dbafef6cb7def9c3eb8
DSH,GET,/dsh/operator/order-workboard,f97dcbc3ecfbc19a130c4dbafef6cb7def9c3eb8
DSH,GET,/dsh/operator/orders,f97dcbc3ecfbc19a130c4dbafef6cb7def9c3eb8
DSH,POST,/dsh/operator/orders/{orderId}/cancel,f97dcbc3ecfbc19a130c4dbafef6cb7def9c3eb8
DSH,GET,/dsh/operator/orders/{orderId}/cancellation,f97dcbc3ecfbc19a130c4dbafef6cb7def9c3eb8
DSH,POST,/dsh/operator/orders/{orderId}/cancellation,f97dcbc3ecfbc19a130c4dbafef6cb7def9c3eb8
DSH,GET,/dsh/operator/partner-deliveries,f97dcbc3ecfbc19a130c4dbafef6cb7def9c3eb8
DSH,GET,/dsh/operator/partner-deliveries/order/{orderId},f97dcbc3ecfbc19a130c4dbafef6cb7def9c3eb8
DSH,GET,/dsh/operator/partner-deliveries/{taskId},f97dcbc3ecfbc19a130c4dbafef6cb7def9c3eb8
DSH,GET,/dsh/operator/partner-delivery/sla-alerts,f97dcbc3ecfbc19a130c4dbafef6cb7def9c3eb8
DSH,POST,/dsh/operator/partner-delivery/sla-alerts/refresh,f97dcbc3ecfbc19a130c4dbafef6cb7def9c3eb8
DSH,POST,/dsh/operator/partner-delivery/sla-alerts/{alertId}/acknowledge,f97dcbc3ecfbc19a130c4dbafef6cb7def9c3eb8
DSH,GET,/dsh/operator/partners,f97dcbc3ecfbc19a130c4dbafef6cb7def9c3eb8
DSH,POST,/dsh/operator/partners,f97dcbc3ecfbc19a130c4dbafef6cb7def9c3eb8
DSH,GET,/dsh/operator/partners/{partnerId},f97dcbc3ecfbc19a130c4dbafef6cb7def9c3eb8
DSH,GET,/dsh/operator/partners/{partnerId}/audit,f97dcbc3ecfbc19a130c4dbafef6cb7def9c3eb8
DSH,GET,/dsh/operator/partners/{partnerId}/documents,f97dcbc3ecfbc19a130c4dbafef6cb7def9c3eb8
DSH,POST,/dsh/operator/partners/{partnerId}/documents,f97dcbc3ecfbc19a130c4dbafef6cb7def9c3eb8
DSH,PATCH,/dsh/operator/partners/{partnerId}/documents/{docId}/review,f97dcbc3ecfbc19a130c4dbafef6cb7def9c3eb8
DSH,GET,/dsh/operator/partners/{partnerId}/field-visits,f97dcbc3ecfbc19a130c4dbafef6cb7def9c3eb8
DSH,GET,/dsh/operator/partners/{partnerId}/readiness,f97dcbc3ecfbc19a130c4dbafef6cb7def9c3eb8
DSH,GET,/dsh/operator/partners/{partnerId}/stores,f97dcbc3ecfbc19a130c4dbafef6cb7def9c3eb8
DSH,POST,/dsh/operator/partners/{partnerId}/stores,f97dcbc3ecfbc19a130c4dbafef6cb7def9c3eb8
DSH,POST,/dsh/operator/partners/{partnerId}/transition,f97dcbc3ecfbc19a130c4dbafef6cb7def9c3eb8
DSH,GET,/dsh/operator/pickups,f97dcbc3ecfbc19a130c4dbafef6cb7def9c3eb8
DSH,GET,/dsh/operator/pickups/sla-alerts,f97dcbc3ecfbc19a130c4dbafef6cb7def9c3eb8
DSH,POST,/dsh/operator/pickups/sla-alerts/refresh,f97dcbc3ecfbc19a130c4dbafef6cb7def9c3eb8
DSH,POST,/dsh/operator/pickups/sla-alerts/{alertId}/acknowledge,f97dcbc3ecfbc19a130c4dbafef6cb7def9c3eb8
DSH,GET,/dsh/operator/pickups/{orderId},f97dcbc3ecfbc19a130c4dbafef6cb7def9c3eb8
DSH,POST,/dsh/operator/pickups/{orderId}/extend-window,f97dcbc3ecfbc19a130c4dbafef6cb7def9c3eb8
DSH,POST,/dsh/operator/pickups/{orderId}/reschedule,f97dcbc3ecfbc19a130c4dbafef6cb7def9c3eb8
DSH,GET,/dsh/operator/platform/capacity,f97dcbc3ecfbc19a130c4dbafef6cb7def9c3eb8
DSH,PUT,/dsh/operator/platform/capacity,f97dcbc3ecfbc19a130c4dbafef6cb7def9c3eb8
DSH,GET,/dsh/operator/platform/dispatch-balance-policy,f97dcbc3ecfbc19a130c4dbafef6cb7def9c3eb8
DSH,PUT,/dsh/operator/platform/dispatch-balance-policy,f97dcbc3ecfbc19a130c4dbafef6cb7def9c3eb8
DSH,GET,/dsh/operator/platform/map-provider-health,f97dcbc3ecfbc19a130c4dbafef6cb7def9c3eb8
DSH,GET,/dsh/operator/platform/operational-policy/audit,f97dcbc3ecfbc19a130c4dbafef6cb7def9c3eb8
DSH,POST,/dsh/operator/platform/operational-policy/audit/{eventId}/rollback,f97dcbc3ecfbc19a130c4dbafef6cb7def9c3eb8
DSH,GET,/dsh/operator/platform/operational-profiles/{zoneId},f97dcbc3ecfbc19a130c4dbafef6cb7def9c3eb8
DSH,PUT,/dsh/operator/platform/operational-profiles/{zoneId},f97dcbc3ecfbc19a130c4dbafef6cb7def9c3eb8
DSH,GET,/dsh/operator/platform/operational-profiles/{zoneId}/delivery-modes,f97dcbc3ecfbc19a130c4dbafef6cb7def9c3eb8
DSH,PUT,/dsh/operator/platform/operational-profiles/{zoneId}/delivery-modes/{fulfillmentMode},f97dcbc3ecfbc19a130c4dbafef6cb7def9c3eb8
DSH,GET,/dsh/operator/platform/service-areas,f97dcbc3ecfbc19a130c4dbafef6cb7def9c3eb8
DSH,GET,/dsh/operator/platform/service-areas/{serviceAreaCode},f97dcbc3ecfbc19a130c4dbafef6cb7def9c3eb8
DSH,PUT,/dsh/operator/platform/service-areas/{serviceAreaCode},f97dcbc3ecfbc19a130c4dbafef6cb7def9c3eb8
DSH,GET,/dsh/operator/platform/serviceability/{zoneId},f97dcbc3ecfbc19a130c4dbafef6cb7def9c3eb8
DSH,GET,/dsh/operator/platform/sla-rules,f97dcbc3ecfbc19a130c4dbafef6cb7def9c3eb8
DSH,PUT,/dsh/operator/platform/sla-rules,f97dcbc3ecfbc19a130c4dbafef6cb7def9c3eb8
DSH,GET,/dsh/operator/platform/store-onboarding-fee,f97dcbc3ecfbc19a130c4dbafef6cb7def9c3eb8
DSH,PUT,/dsh/operator/platform/store-onboarding-fee,f97dcbc3ecfbc19a130c4dbafef6cb7def9c3eb8
DSH,GET,/dsh/operator/platform/zones,f97dcbc3ecfbc19a130c4dbafef6cb7def9c3eb8
DSH,POST,/dsh/operator/platform/zones,f97dcbc3ecfbc19a130c4dbafef6cb7def9c3eb8
DSH,PATCH,/dsh/operator/platform/zones/{zoneId},f97dcbc3ecfbc19a130c4dbafef6cb7def9c3eb8
DSH,POST,/dsh/operator/privacy/client-addresses/anonymize,f97dcbc3ecfbc19a130c4dbafef6cb7def9c3eb8
DSH,GET,/dsh/operator/privacy/client-addresses/events,f97dcbc3ecfbc19a130c4dbafef6cb7def9c3eb8
DSH,GET,/dsh/operator/privacy/client-addresses/policy,f97dcbc3ecfbc19a130c4dbafef6cb7def9c3eb8
DSH,PUT,/dsh/operator/privacy/client-addresses/policy,f97dcbc3ecfbc19a130c4dbafef6cb7def9c3eb8
DSH,GET,/dsh/operator/privacy/client-addresses/status,f97dcbc3ecfbc19a130c4dbafef6cb7def9c3eb8
DSH,GET,/dsh/operator/reels,f97dcbc3ecfbc19a130c4dbafef6cb7def9c3eb8
DSH,GET,/dsh/operator/reels/{reelId}/media/{kind},f97dcbc3ecfbc19a130c4dbafef6cb7def9c3eb8
DSH,POST,/dsh/operator/reels/{reelId}/review,f97dcbc3ecfbc19a130c4dbafef6cb7def9c3eb8
DSH,GET,/dsh/operator/special-requests,f97dcbc3ecfbc19a130c4dbafef6cb7def9c3eb8
DSH,GET,/dsh/operator/special-requests/{requestId},f97dcbc3ecfbc19a130c4dbafef6cb7def9c3eb8
DSH,PATCH,/dsh/operator/special-requests/{requestId},f97dcbc3ecfbc19a130c4dbafef6cb7def9c3eb8
DSH,POST,/dsh/operator/special-requests/{requestId}/dispatch,f97dcbc3ecfbc19a130c4dbafef6cb7def9c3eb8
DSH,GET,/dsh/operator/special-requests/{requestId}/execution,f97dcbc3ecfbc19a130c4dbafef6cb7def9c3eb8
DSH,GET,/dsh/operator/special-requests/{requestId}/information-exchange,f97dcbc3ecfbc19a130c4dbafef6cb7def9c3eb8
DSH,POST,/dsh/operator/special-requests/{requestId}/information-request,f97dcbc3ecfbc19a130c4dbafef6cb7def9c3eb8
DSH,GET,/dsh/operator/stores,f97dcbc3ecfbc19a130c4dbafef6cb7def9c3eb8
DSH,GET,/dsh/operator/stores/{storeId},f97dcbc3ecfbc19a130c4dbafef6cb7def9c3eb8
DSH,GET,/dsh/operator/stores/{storeId}/assortment,f97dcbc3ecfbc19a130c4dbafef6cb7def9c3eb8
DSH,GET,/dsh/operator/stores/{storeId}/assortment-pauses,f97dcbc3ecfbc19a130c4dbafef6cb7def9c3eb8
DSH,PUT,/dsh/operator/stores/{storeId}/assortment/{masterProductId},f97dcbc3ecfbc19a130c4dbafef6cb7def9c3eb8
DSH,POST,/dsh/operator/stores/{storeId}/assortment/{masterProductId}/pause,f97dcbc3ecfbc19a130c4dbafef6cb7def9c3eb8
DSH,POST,/dsh/operator/stores/{storeId}/assortment/{masterProductId}/resume,f97dcbc3ecfbc19a130c4dbafef6cb7def9c3eb8
DSH,GET,/dsh/operator/stores/{storeId}/audit,f97dcbc3ecfbc19a130c4dbafef6cb7def9c3eb8
DSH,GET,/dsh/operator/stores/{storeId}/delivery-pricing,f97dcbc3ecfbc19a130c4dbafef6cb7def9c3eb8
DSH,PUT,/dsh/operator/stores/{storeId}/delivery-pricing/{fulfillmentMode},f97dcbc3ecfbc19a130c4dbafef6cb7def9c3eb8
DSH,POST,/dsh/operator/stores/{storeId}/governance,f97dcbc3ecfbc19a130c4dbafef6cb7def9c3eb8
DSH,GET,/dsh/operator/stores/{storeId}/partner-fleet,f97dcbc3ecfbc19a130c4dbafef6cb7def9c3eb8
DSH,GET,/dsh/operator/support/incidents,f97dcbc3ecfbc19a130c4dbafef6cb7def9c3eb8
DSH,POST,/dsh/operator/support/incidents,f97dcbc3ecfbc19a130c4dbafef6cb7def9c3eb8
DSH,GET,/dsh/operator/support/incidents/{incidentId},f97dcbc3ecfbc19a130c4dbafef6cb7def9c3eb8
DSH,PATCH,/dsh/operator/support/incidents/{incidentId},f97dcbc3ecfbc19a130c4dbafef6cb7def9c3eb8
DSH,GET,/dsh/operator/support/incidents/{incidentId}/events,f97dcbc3ecfbc19a130c4dbafef6cb7def9c3eb8
DSH,GET,/dsh/operator/support/order-rescue-cases,f97dcbc3ecfbc19a130c4dbafef6cb7def9c3eb8
DSH,POST,/dsh/operator/support/order-rescue-cases,f97dcbc3ecfbc19a130c4dbafef6cb7def9c3eb8
DSH,GET,/dsh/operator/support/order-rescue-cases/{caseId},f97dcbc3ecfbc19a130c4dbafef6cb7def9c3eb8
DSH,PATCH,/dsh/operator/support/order-rescue-cases/{caseId},f97dcbc3ecfbc19a130c4dbafef6cb7def9c3eb8
DSH,GET,/dsh/operator/support/order-rescue-cases/{caseId}/events,f97dcbc3ecfbc19a130c4dbafef6cb7def9c3eb8
DSH,GET,/dsh/operator/support/tickets,f97dcbc3ecfbc19a130c4dbafef6cb7def9c3eb8
DSH,GET,/dsh/operator/support/tickets/{ticketId},f97dcbc3ecfbc19a130c4dbafef6cb7def9c3eb8
DSH,PATCH,/dsh/operator/support/tickets/{ticketId},f97dcbc3ecfbc19a130c4dbafef6cb7def9c3eb8
DSH,GET,/dsh/operator/support/tickets/{ticketId}/events,f97dcbc3ecfbc19a130c4dbafef6cb7def9c3eb8
DSH,GET,/dsh/operator/support/tickets/{ticketId}/messages,f97dcbc3ecfbc19a130c4dbafef6cb7def9c3eb8
DSH,POST,/dsh/operator/support/tickets/{ticketId}/messages,f97dcbc3ecfbc19a130c4dbafef6cb7def9c3eb8
DSH,POST,/dsh/operator/support/tickets/{ticketId}/messages/read,f97dcbc3ecfbc19a130c4dbafef6cb7def9c3eb8
DSH,GET,/dsh/operator/support/tickets/{ticketId}/messages/{messageId}/attachments,f97dcbc3ecfbc19a130c4dbafef6cb7def9c3eb8
DSH,POST,/dsh/operator/support/tickets/{ticketId}/messages/{messageId}/attachments,f97dcbc3ecfbc19a130c4dbafef6cb7def9c3eb8
DSH,POST,/dsh/operator/workforce/employees/{actorId}/media/uploads,f97dcbc3ecfbc19a130c4dbafef6cb7def9c3eb8
DSH,GET,/dsh/operator/workforce/scopes/{actorId},f97dcbc3ecfbc19a130c4dbafef6cb7def9c3eb8
DSH,GET,/dsh/orders/{orderId}/preparation,f97dcbc3ecfbc19a130c4dbafef6cb7def9c3eb8
DSH,GET,/dsh/orders/{orderId}/preparation-issues,f97dcbc3ecfbc19a130c4dbafef6cb7def9c3eb8
DSH,GET,/dsh/partner/activation/readiness,f97dcbc3ecfbc19a130c4dbafef6cb7def9c3eb8
DSH,GET,/dsh/partner/activation/status,f97dcbc3ecfbc19a130c4dbafef6cb7def9c3eb8
DSH,GET,/dsh/partner/analytics/performance,f97dcbc3ecfbc19a130c4dbafef6cb7def9c3eb8
DSH,GET,/dsh/partner/catalog-approvals,f97dcbc3ecfbc19a130c4dbafef6cb7def9c3eb8
DSH,GET,/dsh/partner/catalog/assortment,f97dcbc3ecfbc19a130c4dbafef6cb7def9c3eb8
DSH,PUT,/dsh/partner/catalog/assortment/{masterProductId},f97dcbc3ecfbc19a130c4dbafef6cb7def9c3eb8
DSH,GET,/dsh/partner/catalog/attributes,f97dcbc3ecfbc19a130c4dbafef6cb7def9c3eb8
DSH,GET,/dsh/partner/catalog/attributes/{attributeId}/options,f97dcbc3ecfbc19a130c4dbafef6cb7def9c3eb8
DSH,GET,/dsh/partner/catalog/domains,f97dcbc3ecfbc19a130c4dbafef6cb7def9c3eb8
DSH,GET,/dsh/partner/catalog/master-products,f97dcbc3ecfbc19a130c4dbafef6cb7def9c3eb8
DSH,GET,/dsh/partner/catalog/master-products/{productId}/attribute-values,f97dcbc3ecfbc19a130c4dbafef6cb7def9c3eb8
DSH,GET,/dsh/partner/catalog/master-products/{productId}/relationships,f97dcbc3ecfbc19a130c4dbafef6cb7def9c3eb8
DSH,GET,/dsh/partner/catalog/nodes,f97dcbc3ecfbc19a130c4dbafef6cb7def9c3eb8
DSH,GET,/dsh/partner/catalog/product-proposals,f97dcbc3ecfbc19a130c4dbafef6cb7def9c3eb8
DSH,POST,/dsh/partner/catalog/product-proposals,f97dcbc3ecfbc19a130c4dbafef6cb7def9c3eb8
DSH,PATCH,/dsh/partner/catalog/product-proposals/{proposalId},f97dcbc3ecfbc19a130c4dbafef6cb7def9c3eb8
DSH,GET,/dsh/partner/catalog/proposals,f97dcbc3ecfbc19a130c4dbafef6cb7def9c3eb8
DSH,POST,/dsh/partner/catalog/proposals,f97dcbc3ecfbc19a130c4dbafef6cb7def9c3eb8
DSH,GET,/dsh/partner/catalog/taxonomy,f97dcbc3ecfbc19a130c4dbafef6cb7def9c3eb8
DSH,GET,/dsh/partner/invites,f97dcbc3ecfbc19a130c4dbafef6cb7def9c3eb8
DSH,POST,/dsh/partner/invites/{inviteId}/accept,f97dcbc3ecfbc19a130c4dbafef6cb7def9c3eb8
DSH,POST,/dsh/partner/invites/{inviteId}/reject,f97dcbc3ecfbc19a130c4dbafef6cb7def9c3eb8
DSH,GET,/dsh/partner/marketing/offers,f97dcbc3ecfbc19a130c4dbafef6cb7def9c3eb8
DSH,POST,/dsh/partner/marketing/offers,f97dcbc3ecfbc19a130c4dbafef6cb7def9c3eb8
DSH,GET,/dsh/partner/me/finance/cod-records,f97dcbc3ecfbc19a130c4dbafef6cb7def9c3eb8
DSH,POST,/dsh/partner/me/finance/cod-records/{recordId}/remit,f97dcbc3ecfbc19a130c4dbafef6cb7def9c3eb8
DSH,GET,/dsh/partner/me/finance/commissions,f97dcbc3ecfbc19a130c4dbafef6cb7def9c3eb8
DSH,GET,/dsh/partner/me/finance/ledger-entries,f97dcbc3ecfbc19a130c4dbafef6cb7def9c3eb8
DSH,GET,/dsh/partner/me/finance/payout-destination,f97dcbc3ecfbc19a130c4dbafef6cb7def9c3eb8
DSH,PUT,/dsh/partner/me/finance/payout-destination,f97dcbc3ecfbc19a130c4dbafef6cb7def9c3eb8
DSH,POST,/dsh/partner/me/finance/payout-destination/deactivate,f97dcbc3ecfbc19a130c4dbafef6cb7def9c3eb8
DSH,GET,/dsh/partner/me/finance/payout-requests,f97dcbc3ecfbc19a130c4dbafef6cb7def9c3eb8
DSH,POST,/dsh/partner/me/finance/payout-requests,f97dcbc3ecfbc19a130c4dbafef6cb7def9c3eb8
DSH,GET,/dsh/partner/me/finance/settlements,f97dcbc3ecfbc19a130c4dbafef6cb7def9c3eb8
DSH,GET,/dsh/partner/me/finance/settlements/summary,f97dcbc3ecfbc19a130c4dbafef6cb7def9c3eb8
DSH,GET,/dsh/partner/me/finance/wallet,f97dcbc3ecfbc19a130c4dbafef6cb7def9c3eb8
DSH,POST,/dsh/partner/me/ratings/field,f97dcbc3ecfbc19a130c4dbafef6cb7def9c3eb8
DSH,GET,/dsh/partner/me/ratings/field/prompt,f97dcbc3ecfbc19a130c4dbafef6cb7def9c3eb8
DSH,GET,/dsh/partner/order-truth,f97dcbc3ecfbc19a130c4dbafef6cb7def9c3eb8
DSH,GET,/dsh/partner/order-truth/{orderId},f97dcbc3ecfbc19a130c4dbafef6cb7def9c3eb8
DSH,GET,/dsh/partner/order-workboard,f97dcbc3ecfbc19a130c4dbafef6cb7def9c3eb8
DSH,GET,/dsh/partner/orders,f97dcbc3ecfbc19a130c4dbafef6cb7def9c3eb8
DSH,POST,/dsh/partner/orders/{orderId}/accept,f97dcbc3ecfbc19a130c4dbafef6cb7def9c3eb8
DSH,POST,/dsh/partner/orders/{orderId}/cancel,f97dcbc3ecfbc19a130c4dbafef6cb7def9c3eb8
DSH,GET,/dsh/partner/orders/{orderId}/cancellation,f97dcbc3ecfbc19a130c4dbafef6cb7def9c3eb8
DSH,POST,/dsh/partner/orders/{orderId}/captain-handoff/confirm,f97dcbc3ecfbc19a130c4dbafef6cb7def9c3eb8
DSH,POST,/dsh/partner/orders/{orderId}/captain-handoff/exceptions,f97dcbc3ecfbc19a130c4dbafef6cb7def9c3eb8
DSH,GET,/dsh/partner/orders/{orderId}/dispatch-tracking,f97dcbc3ecfbc19a130c4dbafef6cb7def9c3eb8
DSH,GET,/dsh/partner/orders/{orderId}/partner-delivery,f97dcbc3ecfbc19a130c4dbafef6cb7def9c3eb8
DSH,POST,/dsh/partner/orders/{orderId}/partner-delivery/arrive,f97dcbc3ecfbc19a130c4dbafef6cb7def9c3eb8
DSH,POST,/dsh/partner/orders/{orderId}/partner-delivery/assign,f97dcbc3ecfbc19a130c4dbafef6cb7def9c3eb8
DSH,POST,/dsh/partner/orders/{orderId}/partner-delivery/depart,f97dcbc3ecfbc19a130c4dbafef6cb7def9c3eb8
DSH,POST,/dsh/partner/orders/{orderId}/partner-delivery/exception,f97dcbc3ecfbc19a130c4dbafef6cb7def9c3eb8
DSH,POST,/dsh/partner/orders/{orderId}/partner-delivery/pickup,f97dcbc3ecfbc19a130c4dbafef6cb7def9c3eb8
DSH,POST,/dsh/partner/orders/{orderId}/partner-delivery/proof,f97dcbc3ecfbc19a130c4dbafef6cb7def9c3eb8
DSH,GET,/dsh/partner/orders/{orderId}/pickup,f97dcbc3ecfbc19a130c4dbafef6cb7def9c3eb8
DSH,POST,/dsh/partner/orders/{orderId}/pickup/customer-arrived,f97dcbc3ecfbc19a130c4dbafef6cb7def9c3eb8
DSH,POST,/dsh/partner/orders/{orderId}/pickup/extend-window,f97dcbc3ecfbc19a130c4dbafef6cb7def9c3eb8
DSH,POST,/dsh/partner/orders/{orderId}/pickup/mark-ready,f97dcbc3ecfbc19a130c4dbafef6cb7def9c3eb8
DSH,POST,/dsh/partner/orders/{orderId}/pickup/no-show,f97dcbc3ecfbc19a130c4dbafef6cb7def9c3eb8
DSH,POST,/dsh/partner/orders/{orderId}/pickup/notify,f97dcbc3ecfbc19a130c4dbafef6cb7def9c3eb8
DSH,POST,/dsh/partner/orders/{orderId}/pickup/reschedule,f97dcbc3ecfbc19a130c4dbafef6cb7def9c3eb8
DSH,POST,/dsh/partner/orders/{orderId}/pickup/verify,f97dcbc3ecfbc19a130c4dbafef6cb7def9c3eb8
DSH,POST,/dsh/partner/orders/{orderId}/preparation-estimate,f97dcbc3ecfbc19a130c4dbafef6cb7def9c3eb8
DSH,POST,/dsh/partner/orders/{orderId}/preparation-issues,f97dcbc3ecfbc19a130c4dbafef6cb7def9c3eb8
DSH,POST,/dsh/partner/orders/{orderId}/preparation-issues/{issueId}/resolve,f97dcbc3ecfbc19a130c4dbafef6cb7def9c3eb8
DSH,POST,/dsh/partner/orders/{orderId}/preparing,f97dcbc3ecfbc19a130c4dbafef6cb7def9c3eb8
DSH,POST,/dsh/partner/orders/{orderId}/ready,f97dcbc3ecfbc19a130c4dbafef6cb7def9c3eb8
DSH,GET,/dsh/partner/orders/{orderId}/refunds,f97dcbc3ecfbc19a130c4dbafef6cb7def9c3eb8
DSH,POST,/dsh/partner/orders/{orderId}/reject,f97dcbc3ecfbc19a130c4dbafef6cb7def9c3eb8
DSH,GET,/dsh/partner/orders/{orderId}/return-to-store,f97dcbc3ecfbc19a130c4dbafef6cb7def9c3eb8
DSH,POST,/dsh/partner/orders/{orderId}/return-to-store/accept,f97dcbc3ecfbc19a130c4dbafef6cb7def9c3eb8
DSH,GET,/dsh/partner/reels,f97dcbc3ecfbc19a130c4dbafef6cb7def9c3eb8
DSH,POST,/dsh/partner/reels,f97dcbc3ecfbc19a130c4dbafef6cb7def9c3eb8
DSH,GET,/dsh/partner/scopes,f97dcbc3ecfbc19a130c4dbafef6cb7def9c3eb8
DSH,GET,/dsh/partner/stores/{storeId}/assortment,f97dcbc3ecfbc19a130c4dbafef6cb7def9c3eb8
DSH,GET,/dsh/partner/stores/{storeId}/assortment-pauses,f97dcbc3ecfbc19a130c4dbafef6cb7def9c3eb8
DSH,PUT,/dsh/partner/stores/{storeId}/assortment/{masterProductId},f97dcbc3ecfbc19a130c4dbafef6cb7def9c3eb8
DSH,POST,/dsh/partner/stores/{storeId}/assortment/{masterProductId}/pause,f97dcbc3ecfbc19a130c4dbafef6cb7def9c3eb8
DSH,POST,/dsh/partner/stores/{storeId}/assortment/{masterProductId}/resume,f97dcbc3ecfbc19a130c4dbafef6cb7def9c3eb8
DSH,GET,/dsh/partner/stores/{storeId}/courier-connections,f97dcbc3ecfbc19a130c4dbafef6cb7def9c3eb8
DSH,POST,/dsh/partner/stores/{storeId}/courier-connections/{connectionId}/revoke,f97dcbc3ecfbc19a130c4dbafef6cb7def9c3eb8
DSH,GET,/dsh/partner/stores/{storeId}/courier-settings,f97dcbc3ecfbc19a130c4dbafef6cb7def9c3eb8
DSH,PUT,/dsh/partner/stores/{storeId}/courier-settings,f97dcbc3ecfbc19a130c4dbafef6cb7def9c3eb8
DSH,POST,/dsh/partner/stores/{storeId}/couriers/{memberId}/connection-code,f97dcbc3ecfbc19a130c4dbafef6cb7def9c3eb8
DSH,GET,/dsh/partner/stores/{storeId}/coverage-zones,f97dcbc3ecfbc19a130c4dbafef6cb7def9c3eb8
DSH,GET,/dsh/partner/stores/{storeId}/delivery-pricing,f97dcbc3ecfbc19a130c4dbafef6cb7def9c3eb8
DSH,PUT,/dsh/partner/stores/{storeId}/delivery-pricing/{fulfillmentMode},f97dcbc3ecfbc19a130c4dbafef6cb7def9c3eb8
DSH,GET,/dsh/partner/stores/{storeId}/onboarding-status,f97dcbc3ecfbc19a130c4dbafef6cb7def9c3eb8
DSH,GET,/dsh/partner/stores/{storeId}/order-preparation-policy,f97dcbc3ecfbc19a130c4dbafef6cb7def9c3eb8
DSH,PUT,/dsh/partner/stores/{storeId}/order-preparation-policy,f97dcbc3ecfbc19a130c4dbafef6cb7def9c3eb8
DSH,GET,/dsh/partner/stores/{storeId}/settings,f97dcbc3ecfbc19a130c4dbafef6cb7def9c3eb8
DSH,PATCH,/dsh/partner/stores/{storeId}/settings,f97dcbc3ecfbc19a130c4dbafef6cb7def9c3eb8
DSH,GET,/dsh/partner/stores/{storeId}/team,f97dcbc3ecfbc19a130c4dbafef6cb7def9c3eb8
DSH,POST,/dsh/partner/stores/{storeId}/team/invites,f97dcbc3ecfbc19a130c4dbafef6cb7def9c3eb8
DSH,POST,/dsh/partner/stores/{storeId}/team/members/{memberId}/action,f97dcbc3ecfbc19a130c4dbafef6cb7def9c3eb8
DSH,POST,/dsh/platform/operational-policy/evaluate,f97dcbc3ecfbc19a130c4dbafef6cb7def9c3eb8
DSH,GET,/dsh/platform/store-onboarding-fee,f97dcbc3ecfbc19a130c4dbafef6cb7def9c3eb8
DSH,GET,/dsh/public/media/{assetId}/{variant},f97dcbc3ecfbc19a130c4dbafef6cb7def9c3eb8
DSH,GET,/dsh/public/reels,f97dcbc3ecfbc19a130c4dbafef6cb7def9c3eb8
DSH,GET,/dsh/readiness,f97dcbc3ecfbc19a130c4dbafef6cb7def9c3eb8
DSH,GET,/dsh/store-context,f97dcbc3ecfbc19a130c4dbafef6cb7def9c3eb8
DSH,GET,/dsh/stores,f97dcbc3ecfbc19a130c4dbafef6cb7def9c3eb8
DSH,GET,/dsh/stores/{storeId},f97dcbc3ecfbc19a130c4dbafef6cb7def9c3eb8
DSH,GET,/dsh/stores/{storeId}/catalog,f97dcbc3ecfbc19a130c4dbafef6cb7def9c3eb8
DSH,GET,/dsh/support/tickets,f97dcbc3ecfbc19a130c4dbafef6cb7def9c3eb8
DSH,POST,/dsh/support/tickets,f97dcbc3ecfbc19a130c4dbafef6cb7def9c3eb8
DSH,GET,/dsh/support/tickets/{ticketId},f97dcbc3ecfbc19a130c4dbafef6cb7def9c3eb8
DSH,GET,/dsh/support/tickets/{ticketId}/messages,f97dcbc3ecfbc19a130c4dbafef6cb7def9c3eb8
DSH,POST,/dsh/support/tickets/{ticketId}/messages,f97dcbc3ecfbc19a130c4dbafef6cb7def9c3eb8
DSH,POST,/dsh/support/tickets/{ticketId}/messages/read,f97dcbc3ecfbc19a130c4dbafef6cb7def9c3eb8
DSH,GET,/dsh/support/tickets/{ticketId}/messages/{messageId}/attachments,f97dcbc3ecfbc19a130c4dbafef6cb7def9c3eb8
DSH,POST,/dsh/support/tickets/{ticketId}/messages/{messageId}/attachments,f97dcbc3ecfbc19a130c4dbafef6cb7def9c3eb8
WLT,,/,f97dcbc3ecfbc19a130c4dbafef6cb7def9c3eb8
WLT,POST,/internal/dispatch-financial-eligibility/evaluate,f97dcbc3ecfbc19a130c4dbafef6cb7def9c3eb8
WLT,GET,/wlt/cod-reconciliation-cases,f97dcbc3ecfbc19a130c4dbafef6cb7def9c3eb8
WLT,POST,/wlt/cod-reconciliation-cases/{caseId}/assign,f97dcbc3ecfbc19a130c4dbafef6cb7def9c3eb8
WLT,POST,/wlt/cod-reconciliation-cases/{caseId}/resolve,f97dcbc3ecfbc19a130c4dbafef6cb7def9c3eb8
WLT,GET,/wlt/cod-records,f97dcbc3ecfbc19a130c4dbafef6cb7def9c3eb8
WLT,POST,/wlt/cod-records,f97dcbc3ecfbc19a130c4dbafef6cb7def9c3eb8
WLT,GET,/wlt/cod-records/{codRecordId},f97dcbc3ecfbc19a130c4dbafef6cb7def9c3eb8
WLT,POST,/wlt/cod-records/{codRecordId}/collect,f97dcbc3ecfbc19a130c4dbafef6cb7def9c3eb8
WLT,POST,/wlt/cod-records/{codRecordId}/remit,f97dcbc3ecfbc19a130c4dbafef6cb7def9c3eb8
WLT,GET,/wlt/commercial/clients/{clientId}/benefits,f97dcbc3ecfbc19a130c4dbafef6cb7def9c3eb8
WLT,POST,/wlt/commercial/loyalty-entries,f97dcbc3ecfbc19a130c4dbafef6cb7def9c3eb8
WLT,POST,/wlt/commercial/payment-sessions,f97dcbc3ecfbc19a130c4dbafef6cb7def9c3eb8
WLT,POST,/wlt/commercial/products,f97dcbc3ecfbc19a130c4dbafef6cb7def9c3eb8
WLT,GET,/wlt/commercial/products/{productReference},f97dcbc3ecfbc19a130c4dbafef6cb7def9c3eb8
WLT,PATCH,/wlt/commercial/products/{productReference},f97dcbc3ecfbc19a130c4dbafef6cb7def9c3eb8
WLT,POST,/wlt/commercial/subscriptions,f97dcbc3ecfbc19a130c4dbafef6cb7def9c3eb8
WLT,POST,/wlt/commercial/subscriptions/expire-due,f97dcbc3ecfbc19a130c4dbafef6cb7def9c3eb8
WLT,POST,/wlt/commercial/subscriptions/{subscriptionId}/cancel,f97dcbc3ecfbc19a130c4dbafef6cb7def9c3eb8
WLT,GET,/wlt/commercial/subscriptions/{subscriptionId}/lifecycle,f97dcbc3ecfbc19a130c4dbafef6cb7def9c3eb8
WLT,POST,/wlt/commercial/subscriptions/{subscriptionId}/renew,f97dcbc3ecfbc19a130c4dbafef6cb7def9c3eb8
WLT,GET,/wlt/commercial/summary,f97dcbc3ecfbc19a130c4dbafef6cb7def9c3eb8
WLT,PUT,/wlt/commission-policies,f97dcbc3ecfbc19a130c4dbafef6cb7def9c3eb8
WLT,GET,/wlt/commissions,f97dcbc3ecfbc19a130c4dbafef6cb7def9c3eb8
WLT,POST,/wlt/commissions,f97dcbc3ecfbc19a130c4dbafef6cb7def9c3eb8
WLT,GET,/wlt/commissions/{commissionId},f97dcbc3ecfbc19a130c4dbafef6cb7def9c3eb8
WLT,POST,/wlt/commissions/{commissionId}/adjust,f97dcbc3ecfbc19a130c4dbafef6cb7def9c3eb8
WLT,POST,/wlt/commissions/{commissionId}/confirm,f97dcbc3ecfbc19a130c4dbafef6cb7def9c3eb8
WLT,POST,/wlt/commissions/{commissionId}/reject,f97dcbc3ecfbc19a130c4dbafef6cb7def9c3eb8
WLT,POST,/wlt/commissions/{commissionId}/reverse,f97dcbc3ecfbc19a130c4dbafef6cb7def9c3eb8
WLT,POST,/wlt/commissions/{commissionId}/settle,f97dcbc3ecfbc19a130c4dbafef6cb7def9c3eb8
WLT,GET,/wlt/delivery-collections,f97dcbc3ecfbc19a130c4dbafef6cb7def9c3eb8
WLT,POST,/wlt/delivery-collections,f97dcbc3ecfbc19a130c4dbafef6cb7def9c3eb8
WLT,GET,/wlt/delivery-collections/{codRecordId},f97dcbc3ecfbc19a130c4dbafef6cb7def9c3eb8
WLT,PUT,/wlt/field-commission-category-policies/{partnerCategory},f97dcbc3ecfbc19a130c4dbafef6cb7def9c3eb8
WLT,POST,/wlt/field-commissions,f97dcbc3ecfbc19a130c4dbafef6cb7def9c3eb8
WLT,GET,/wlt/health,f97dcbc3ecfbc19a130c4dbafef6cb7def9c3eb8
WLT,GET,/wlt/ledger/entries,f97dcbc3ecfbc19a130c4dbafef6cb7def9c3eb8
WLT,GET,/wlt/ledger/entries/{entryId},f97dcbc3ecfbc19a130c4dbafef6cb7def9c3eb8
WLT,GET,/wlt/ledger/financial-summary,f97dcbc3ecfbc19a130c4dbafef6cb7def9c3eb8
WLT,POST,/wlt/order-cancellations,f97dcbc3ecfbc19a130c4dbafef6cb7def9c3eb8
WLT,POST,/wlt/payment-sessions,f97dcbc3ecfbc19a130c4dbafef6cb7def9c3eb8
WLT,GET,/wlt/payment-sessions/{paymentSessionId},f97dcbc3ecfbc19a130c4dbafef6cb7def9c3eb8
WLT,POST,/wlt/payment-sessions/{paymentSessionId}/authorize,f97dcbc3ecfbc19a130c4dbafef6cb7def9c3eb8
WLT,POST,/wlt/payment-sessions/{paymentSessionId}/cancel-for-order,f97dcbc3ecfbc19a130c4dbafef6cb7def9c3eb8
WLT,POST,/wlt/payment-sessions/{paymentSessionId}/capture,f97dcbc3ecfbc19a130c4dbafef6cb7def9c3eb8
WLT,POST,/wlt/payment-sessions/{paymentSessionId}/cod-collect,f97dcbc3ecfbc19a130c4dbafef6cb7def9c3eb8
WLT,POST,/wlt/payment-sessions/{paymentSessionId}/expire,f97dcbc3ecfbc19a130c4dbafef6cb7def9c3eb8
WLT,POST,/wlt/payment-sessions/{paymentSessionId}/refresh-provider-status,f97dcbc3ecfbc19a130c4dbafef6cb7def9c3eb8
WLT,GET,/wlt/payment-sessions/{paymentSessionId}/timeline,f97dcbc3ecfbc19a130c4dbafef6cb7def9c3eb8
WLT,GET,/wlt/payout-destinations/{actorType}/{actorId},f97dcbc3ecfbc19a130c4dbafef6cb7def9c3eb8
WLT,PUT,/wlt/payout-destinations/{actorType}/{actorId},f97dcbc3ecfbc19a130c4dbafef6cb7def9c3eb8
WLT,POST,/wlt/payout-destinations/{actorType}/{actorId}/deactivate,f97dcbc3ecfbc19a130c4dbafef6cb7def9c3eb8
WLT,GET,/wlt/payout-requests,f97dcbc3ecfbc19a130c4dbafef6cb7def9c3eb8
WLT,POST,/wlt/payout-requests,f97dcbc3ecfbc19a130c4dbafef6cb7def9c3eb8
WLT,GET,/wlt/payout-requests/{payoutId},f97dcbc3ecfbc19a130c4dbafef6cb7def9c3eb8
WLT,POST,/wlt/payout-requests/{payoutId}/approve,f97dcbc3ecfbc19a130c4dbafef6cb7def9c3eb8
WLT,GET,/wlt/payout-requests/{payoutId}/audit,f97dcbc3ecfbc19a130c4dbafef6cb7def9c3eb8
WLT,POST,/wlt/payout-requests/{payoutId}/complete,f97dcbc3ecfbc19a130c4dbafef6cb7def9c3eb8
WLT,POST,/wlt/payout-requests/{payoutId}/fail,f97dcbc3ecfbc19a130c4dbafef6cb7def9c3eb8
WLT,POST,/wlt/payout-requests/{payoutId}/process,f97dcbc3ecfbc19a130c4dbafef6cb7def9c3eb8
WLT,POST,/wlt/payout-requests/{payoutId}/reconcile,f97dcbc3ecfbc19a130c4dbafef6cb7def9c3eb8
WLT,POST,/wlt/payout-requests/{payoutId}/reject,f97dcbc3ecfbc19a130c4dbafef6cb7def9c3eb8
WLT,POST,/wlt/promotion-funding/reservations,f97dcbc3ecfbc19a130c4dbafef6cb7def9c3eb8
WLT,GET,/wlt/promotion-funding/reservations/{reservationId},f97dcbc3ecfbc19a130c4dbafef6cb7def9c3eb8
WLT,POST,/wlt/promotion-funding/reservations/{reservationId}/commit,f97dcbc3ecfbc19a130c4dbafef6cb7def9c3eb8
WLT,POST,/wlt/promotion-funding/reservations/{reservationId}/release,f97dcbc3ecfbc19a130c4dbafef6cb7def9c3eb8
WLT,POST,/wlt/promotion-funding/reservations/{reservationId}/reverse,f97dcbc3ecfbc19a130c4dbafef6cb7def9c3eb8
WLT,POST,/wlt/provider-penalties,f97dcbc3ecfbc19a130c4dbafef6cb7def9c3eb8
WLT,POST,/wlt/provider-penalties/{penaltyId}/reverse,f97dcbc3ecfbc19a130c4dbafef6cb7def9c3eb8
WLT,POST,/wlt/provider/webhooks/payment,f97dcbc3ecfbc19a130c4dbafef6cb7def9c3eb8
WLT,GET,/wlt/readiness,f97dcbc3ecfbc19a130c4dbafef6cb7def9c3eb8
WLT,GET,/wlt/reconciliation-cases,f97dcbc3ecfbc19a130c4dbafef6cb7def9c3eb8
WLT,GET,/wlt/reconciliation-cases/{caseId},f97dcbc3ecfbc19a130c4dbafef6cb7def9c3eb8
WLT,POST,/wlt/reconciliation-cases/{caseId}/assign,f97dcbc3ecfbc19a130c4dbafef6cb7def9c3eb8
WLT,POST,/wlt/reconciliation-cases/{caseId}/resolve,f97dcbc3ecfbc19a130c4dbafef6cb7def9c3eb8
WLT,GET,/wlt/references/payment-status,f97dcbc3ecfbc19a130c4dbafef6cb7def9c3eb8
WLT,GET,/wlt/references/refund-status,f97dcbc3ecfbc19a130c4dbafef6cb7def9c3eb8
WLT,GET,/wlt/references/settlement-status,f97dcbc3ecfbc19a130c4dbafef6cb7def9c3eb8
WLT,GET,/wlt/references/wallet-status,f97dcbc3ecfbc19a130c4dbafef6cb7def9c3eb8
WLT,GET,/wlt/refunds,f97dcbc3ecfbc19a130c4dbafef6cb7def9c3eb8
WLT,POST,/wlt/refunds,f97dcbc3ecfbc19a130c4dbafef6cb7def9c3eb8
WLT,GET,/wlt/refunds/{refundId},f97dcbc3ecfbc19a130c4dbafef6cb7def9c3eb8
WLT,POST,/wlt/refunds/{refundId}/approve,f97dcbc3ecfbc19a130c4dbafef6cb7def9c3eb8
WLT,GET,/wlt/refunds/{refundId}/audit,f97dcbc3ecfbc19a130c4dbafef6cb7def9c3eb8
WLT,POST,/wlt/refunds/{refundId}/complete,f97dcbc3ecfbc19a130c4dbafef6cb7def9c3eb8
WLT,POST,/wlt/refunds/{refundId}/reconcile,f97dcbc3ecfbc19a130c4dbafef6cb7def9c3eb8
WLT,POST,/wlt/refunds/{refundId}/reject,f97dcbc3ecfbc19a130c4dbafef6cb7def9c3eb8
WLT,PUT,/wlt/settlement-policies/{partnerId},f97dcbc3ecfbc19a130c4dbafef6cb7def9c3eb8
WLT,GET,/wlt/settlements,f97dcbc3ecfbc19a130c4dbafef6cb7def9c3eb8
WLT,POST,/wlt/settlements,f97dcbc3ecfbc19a130c4dbafef6cb7def9c3eb8
WLT,GET,/wlt/settlements/summary,f97dcbc3ecfbc19a130c4dbafef6cb7def9c3eb8
WLT,GET,/wlt/settlements/{settlementId},f97dcbc3ecfbc19a130c4dbafef6cb7def9c3eb8
WLT,GET,/wlt/settlements/{settlementId}/evidence,f97dcbc3ecfbc19a130c4dbafef6cb7def9c3eb8
WLT,POST,/wlt/settlements/{settlementId}/post,f97dcbc3ecfbc19a130c4dbafef6cb7def9c3eb8
WLT,GET,/wlt/wallets/{actorType}/{actorId},f97dcbc3ecfbc19a130c4dbafef6cb7def9c3eb8
Identity,DELETE,/auth/account,f97dcbc3ecfbc19a130c4dbafef6cb7def9c3eb8
Identity,POST,/auth/activate,f97dcbc3ecfbc19a130c4dbafef6cb7def9c3eb8
Identity,POST,/auth/introspect,f97dcbc3ecfbc19a130c4dbafef6cb7def9c3eb8
Identity,POST,/auth/login,f97dcbc3ecfbc19a130c4dbafef6cb7def9c3eb8
Identity,POST,/auth/logout,f97dcbc3ecfbc19a130c4dbafef6cb7def9c3eb8
Identity,POST,/auth/password/change,f97dcbc3ecfbc19a130c4dbafef6cb7def9c3eb8
Identity,POST,/auth/refresh,f97dcbc3ecfbc19a130c4dbafef6cb7def9c3eb8
Identity,GET,/auth/session,f97dcbc3ecfbc19a130c4dbafef6cb7def9c3eb8
Identity,GET,/auth/sessions,f97dcbc3ecfbc19a130c4dbafef6cb7def9c3eb8
Identity,DELETE,/auth/sessions/{sessionId},f97dcbc3ecfbc19a130c4dbafef6cb7def9c3eb8
Identity,POST,/internal/actors/provision,f97dcbc3ecfbc19a130c4dbafef6cb7def9c3eb8
Identity,GET,/internal/actors/search,f97dcbc3ecfbc19a130c4dbafef6cb7def9c3eb8
Identity,GET,/internal/actors/{actorId},f97dcbc3ecfbc19a130c4dbafef6cb7def9c3eb8
Identity,POST,/internal/actors/{actorId}/activations,f97dcbc3ecfbc19a130c4dbafef6cb7def9c3eb8
Identity,GET,/internal/actors/{actorId}/activations/latest,f97dcbc3ecfbc19a130c4dbafef6cb7def9c3eb8
Identity,POST,/internal/actors/{actorId}/activations/revoke,f97dcbc3ecfbc19a130c4dbafef6cb7def9c3eb8
Identity,POST,/internal/actors/{actorId}/deactivate,f97dcbc3ecfbc19a130c4dbafef6cb7def9c3eb8
Identity,POST,/internal/actors/{actorId}/reactivate,f97dcbc3ecfbc19a130c4dbafef6cb7def9c3eb8
Identity,GET,/internal/employees/permission-bundles,f97dcbc3ecfbc19a130c4dbafef6cb7def9c3eb8
Identity,POST,/internal/employees/provision,f97dcbc3ecfbc19a130c4dbafef6cb7def9c3eb8
Identity,POST,/internal/partner/actors/provision,f97dcbc3ecfbc19a130c4dbafef6cb7def9c3eb8
Identity,POST,/internal/partner/actors/{actorId}/activations,f97dcbc3ecfbc19a130c4dbafef6cb7def9c3eb8
Identity,PUT,/internal/partner/actors/{actorId}/store-access,f97dcbc3ecfbc19a130c4dbafef6cb7def9c3eb8
Identity,GET,/internal/partner/permission-bundles,f97dcbc3ecfbc19a130c4dbafef6cb7def9c3eb8
Workforce,GET,/internal/assignments/{actorId}/scopes,f97dcbc3ecfbc19a130c4dbafef6cb7def9c3eb8
Workforce,PUT,/internal/assignments/{actorId}/scopes,f97dcbc3ecfbc19a130c4dbafef6cb7def9c3eb8
Workforce,GET,/workforce/captains,f97dcbc3ecfbc19a130c4dbafef6cb7def9c3eb8
Workforce,POST,/workforce/captains,f97dcbc3ecfbc19a130c4dbafef6cb7def9c3eb8
Workforce,GET,/workforce/captains/{actorId},f97dcbc3ecfbc19a130c4dbafef6cb7def9c3eb8
Workforce,PATCH,/workforce/captains/{actorId},f97dcbc3ecfbc19a130c4dbafef6cb7def9c3eb8
Workforce,DELETE,/workforce/captains/{actorId}/activation-codes,f97dcbc3ecfbc19a130c4dbafef6cb7def9c3eb8
Workforce,POST,/workforce/captains/{actorId}/activation-codes,f97dcbc3ecfbc19a130c4dbafef6cb7def9c3eb8
Workforce,POST,/workforce/captains/{actorId}/classification/basic,f97dcbc3ecfbc19a130c4dbafef6cb7def9c3eb8
Workforce,GET,/workforce/captains/{actorId}/operational-core,f97dcbc3ecfbc19a130c4dbafef6cb7def9c3eb8
Workforce,PATCH,/workforce/captains/{actorId}/operational-core,f97dcbc3ecfbc19a130c4dbafef6cb7def9c3eb8
Workforce,POST,/workforce/captains/{actorId}/reactivate,f97dcbc3ecfbc19a130c4dbafef6cb7def9c3eb8
Workforce,POST,/workforce/captains/{actorId}/suspend,f97dcbc3ecfbc19a130c4dbafef6cb7def9c3eb8
Workforce,GET,/workforce/department-employees,f97dcbc3ecfbc19a130c4dbafef6cb7def9c3eb8
Workforce,POST,/workforce/department-employees,f97dcbc3ecfbc19a130c4dbafef6cb7def9c3eb8
Workforce,GET,/workforce/department-employees/{actorId},f97dcbc3ecfbc19a130c4dbafef6cb7def9c3eb8
Workforce,PATCH,/workforce/department-employees/{actorId},f97dcbc3ecfbc19a130c4dbafef6cb7def9c3eb8
Workforce,DELETE,/workforce/department-employees/{actorId}/activation-codes,f97dcbc3ecfbc19a130c4dbafef6cb7def9c3eb8
Workforce,POST,/workforce/department-employees/{actorId}/activation-codes,f97dcbc3ecfbc19a130c4dbafef6cb7def9c3eb8
Workforce,POST,/workforce/department-employees/{actorId}/reactivate,f97dcbc3ecfbc19a130c4dbafef6cb7def9c3eb8
Workforce,POST,/workforce/department-employees/{actorId}/suspend,f97dcbc3ecfbc19a130c4dbafef6cb7def9c3eb8
Workforce,GET,/workforce/employees,f97dcbc3ecfbc19a130c4dbafef6cb7def9c3eb8
Workforce,POST,/workforce/employees,f97dcbc3ecfbc19a130c4dbafef6cb7def9c3eb8
Workforce,GET,/workforce/employees/{actorId},f97dcbc3ecfbc19a130c4dbafef6cb7def9c3eb8
Workforce,PATCH,/workforce/employees/{actorId},f97dcbc3ecfbc19a130c4dbafef6cb7def9c3eb8
Workforce,GET,/workforce/employees/{actorId}/governance,f97dcbc3ecfbc19a130c4dbafef6cb7def9c3eb8
Workforce,PUT,/workforce/employees/{actorId}/governance,f97dcbc3ecfbc19a130c4dbafef6cb7def9c3eb8
Workforce,POST,/workforce/employees/{actorId}/reactivate,f97dcbc3ecfbc19a130c4dbafef6cb7def9c3eb8
Workforce,POST,/workforce/employees/{actorId}/suspend,f97dcbc3ecfbc19a130c4dbafef6cb7def9c3eb8
Workforce,GET,/workforce/field-agents,f97dcbc3ecfbc19a130c4dbafef6cb7def9c3eb8
Workforce,POST,/workforce/field-agents,f97dcbc3ecfbc19a130c4dbafef6cb7def9c3eb8
Workforce,GET,/workforce/field-agents/{actorId},f97dcbc3ecfbc19a130c4dbafef6cb7def9c3eb8
Workforce,PATCH,/workforce/field-agents/{actorId},f97dcbc3ecfbc19a130c4dbafef6cb7def9c3eb8
Workforce,DELETE,/workforce/field-agents/{actorId}/activation-codes,f97dcbc3ecfbc19a130c4dbafef6cb7def9c3eb8
Workforce,POST,/workforce/field-agents/{actorId}/activation-codes,f97dcbc3ecfbc19a130c4dbafef6cb7def9c3eb8
Workforce,GET,/workforce/field-agents/{actorId}/operational-core,f97dcbc3ecfbc19a130c4dbafef6cb7def9c3eb8
Workforce,PATCH,/workforce/field-agents/{actorId}/operational-core,f97dcbc3ecfbc19a130c4dbafef6cb7def9c3eb8
Workforce,POST,/workforce/field-agents/{actorId}/reactivate,f97dcbc3ecfbc19a130c4dbafef6cb7def9c3eb8
Workforce,POST,/workforce/field-agents/{actorId}/suspend,f97dcbc3ecfbc19a130c4dbafef6cb7def9c3eb8
Workforce,GET,/workforce/health,f97dcbc3ecfbc19a130c4dbafef6cb7def9c3eb8
Workforce,GET,/workforce/me,f97dcbc3ecfbc19a130c4dbafef6cb7def9c3eb8
Workforce,PATCH,/workforce/me,f97dcbc3ecfbc19a130c4dbafef6cb7def9c3eb8
Workforce,GET,/workforce/me/availability-notices,f97dcbc3ecfbc19a130c4dbafef6cb7def9c3eb8
Workforce,POST,/workforce/me/availability-notices,f97dcbc3ecfbc19a130c4dbafef6cb7def9c3eb8
Workforce,GET,/workforce/me/incidents,f97dcbc3ecfbc19a130c4dbafef6cb7def9c3eb8
Workforce,POST,/workforce/me/incidents/{incidentId}/appeal,f97dcbc3ecfbc19a130c4dbafef6cb7def9c3eb8
Workforce,GET,/workforce/me/operational-core,f97dcbc3ecfbc19a130c4dbafef6cb7def9c3eb8
Workforce,GET,/workforce/provider-incidents,f97dcbc3ecfbc19a130c4dbafef6cb7def9c3eb8
Workforce,POST,/workforce/provider-incidents,f97dcbc3ecfbc19a130c4dbafef6cb7def9c3eb8
Workforce,PATCH,/workforce/provider-incidents/{incidentId}/status,f97dcbc3ecfbc19a130c4dbafef6cb7def9c3eb8
Workforce,GET,/workforce/provider-incidents/{incidentId}/transitions,f97dcbc3ecfbc19a130c4dbafef6cb7def9c3eb8
Workforce,GET,/workforce/readiness,f97dcbc3ecfbc19a130c4dbafef6cb7def9c3eb8
Workforce,GET,/workforce/reference/cities,f97dcbc3ecfbc19a130c4dbafef6cb7def9c3eb8
Workforce,GET,/workforce/reference/shifts,f97dcbc3ecfbc19a130c4dbafef6cb7def9c3eb8
Workforce,POST,/workforce/reference/shifts,f97dcbc3ecfbc19a130c4dbafef6cb7def9c3eb8
Workforce,PATCH,/workforce/reference/shifts/{code},f97dcbc3ecfbc19a130c4dbafef6cb7def9c3eb8
Workforce,GET,/workforce/reference/supervisors,f97dcbc3ecfbc19a130c4dbafef6cb7def9c3eb8
Workforce,GET,/workforce/sovereign-leadership,f97dcbc3ecfbc19a130c4dbafef6cb7def9c3eb8
Workforce,POST,/workforce/sovereign-leadership,f97dcbc3ecfbc19a130c4dbafef6cb7def9c3eb8
Workforce,GET,/workforce/sovereign-leadership/reference-data,f97dcbc3ecfbc19a130c4dbafef6cb7def9c3eb8
