journey_id,group,path,owner,dependencies,surfaces,assessment_status,closure_status,execution_state,baseline_sha
J001,01-identity-workforce-platform-providers,governance/operational_journey_protocol_package/smsm-dsh-wlt-journeys/01-identity-workforce-platform-providers/J001.md,Identity,[FOUNDATION-00],"[control-panel, app-client, app-partner, app-captain, app-field]",NOT_ASSESSED,OPEN,BLOCKED_BY_FOUNDATION,f97dcbc3ecfbc19a130c4dbafef6cb7def9c3eb8
J002,01-identity-workforce-platform-providers,governance/operational_journey_protocol_package/smsm-dsh-wlt-journeys/01-identity-workforce-platform-providers/J002.md,Identity,"[FOUNDATION-00, J001]","[control-panel, app-client, app-partner, app-captain, app-field]",NOT_ASSESSED,OPEN,BLOCKED_BY_FOUNDATION,f97dcbc3ecfbc19a130c4dbafef6cb7def9c3eb8
J003,01-identity-workforce-platform-providers,governance/operational_journey_protocol_package/smsm-dsh-wlt-journeys/01-identity-workforce-platform-providers/J003.md,Identity,"[FOUNDATION-00, J002]","[control-panel, app-client, app-partner, app-captain, app-field]",NOT_ASSESSED,OPEN,BLOCKED_BY_FOUNDATION,f97dcbc3ecfbc19a130c4dbafef6cb7def9c3eb8
J004,01-identity-workforce-platform-providers,governance/operational_journey_protocol_package/smsm-dsh-wlt-journeys/01-identity-workforce-platform-providers/J004.md,Identity,"[FOUNDATION-00, J003]","[control-panel, app-partner, app-captain, app-field]",NOT_ASSESSED,OPEN,BLOCKED_BY_FOUNDATION,f97dcbc3ecfbc19a130c4dbafef6cb7def9c3eb8
J005,01-identity-workforce-platform-providers,governance/operational_journey_protocol_package/smsm-dsh-wlt-journeys/01-identity-workforce-platform-providers/J005.md,Identity,"[FOUNDATION-00, J004]","[app-client, app-partner, app-captain, app-field, control-panel]",NOT_ASSESSED,OPEN,BLOCKED_BY_FOUNDATION,f97dcbc3ecfbc19a130c4dbafef6cb7def9c3eb8
J006,01-identity-workforce-platform-providers,governance/operational_journey_protocol_package/smsm-dsh-wlt-journeys/01-identity-workforce-platform-providers/J006.md,Identity,"[FOUNDATION-00, J005]","[control-panel, app-client, app-partner, app-captain, app-field]",NOT_ASSESSED,OPEN,BLOCKED_BY_FOUNDATION,f97dcbc3ecfbc19a130c4dbafef6cb7def9c3eb8
J007,01-identity-workforce-platform-providers,governance/operational_journey_protocol_package/smsm-dsh-wlt-journeys/01-identity-workforce-platform-providers/J007.md,"[Identity, Notifications]","[FOUNDATION-00, J006]","[app-client, app-partner, app-captain, app-field, control-panel]",NOT_ASSESSED,OPEN,BLOCKED_BY_FOUNDATION,f97dcbc3ecfbc19a130c4dbafef6cb7def9c3eb8
J008,01-identity-workforce-platform-providers,governance/operational_journey_protocol_package/smsm-dsh-wlt-journeys/01-identity-workforce-platform-providers/J008.md,Identity,"[FOUNDATION-00, J007]","[control-panel, app-partner, app-captain, app-field, app-client]",NOT_ASSESSED,OPEN,BLOCKED_BY_FOUNDATION,f97dcbc3ecfbc19a130c4dbafef6cb7def9c3eb8
J009,01-identity-workforce-platform-providers,governance/operational_journey_protocol_package/smsm-dsh-wlt-journeys/01-identity-workforce-platform-providers/J009.md,"[Identity, Workforce, DSH, WLT]","[FOUNDATION-00, J008]","[control-panel, app-client, app-partner, app-captain, app-field]",NOT_ASSESSED,OPEN,BLOCKED_BY_FOUNDATION,f97dcbc3ecfbc19a130c4dbafef6cb7def9c3eb8
J010,01-identity-workforce-platform-providers,governance/operational_journey_protocol_package/smsm-dsh-wlt-journeys/01-identity-workforce-platform-providers/J010.md,Workforce,"[FOUNDATION-00, J009]","[control-panel, app-partner, app-captain, app-field]",NOT_ASSESSED,OPEN,BLOCKED_BY_FOUNDATION,f97dcbc3ecfbc19a130c4dbafef6cb7def9c3eb8
J011,01-identity-workforce-platform-providers,governance/operational_journey_protocol_package/smsm-dsh-wlt-journeys/01-identity-workforce-platform-providers/J011.md,"[Workforce, Identity]","[FOUNDATION-00, J010]","[control-panel, app-partner, app-captain, app-field]",NOT_ASSESSED,OPEN,BLOCKED_BY_FOUNDATION,f97dcbc3ecfbc19a130c4dbafef6cb7def9c3eb8
J012,01-identity-workforce-platform-providers,governance/operational_journey_protocol_package/smsm-dsh-wlt-journeys/01-identity-workforce-platform-providers/J012.md,"[Workforce, DSH, WLT]","[FOUNDATION-00, J011]","[control-panel, app-captain]",NOT_ASSESSED,OPEN,BLOCKED_BY_FOUNDATION,f97dcbc3ecfbc19a130c4dbafef6cb7def9c3eb8
J013,01-identity-workforce-platform-providers,governance/operational_journey_protocol_package/smsm-dsh-wlt-journeys/01-identity-workforce-platform-providers/J013.md,"[Workforce, DSH]","[FOUNDATION-00, J012]","[control-panel, app-field]",NOT_ASSESSED,OPEN,BLOCKED_BY_FOUNDATION,f97dcbc3ecfbc19a130c4dbafef6cb7def9c3eb8
J014,01-identity-workforce-platform-providers,governance/operational_journey_protocol_package/smsm-dsh-wlt-journeys/01-identity-workforce-platform-providers/J014.md,Workforce,"[FOUNDATION-00, J013]","[control-panel, app-partner, app-captain, app-field]",NOT_ASSESSED,OPEN,BLOCKED_BY_FOUNDATION,f97dcbc3ecfbc19a130c4dbafef6cb7def9c3eb8
J015,01-identity-workforce-platform-providers,governance/operational_journey_protocol_package/smsm-dsh-wlt-journeys/01-identity-workforce-platform-providers/J015.md,Platform Control,"[FOUNDATION-00, J014]","[control-panel, app-client, app-partner, app-captain, app-field]",NOT_ASSESSED,OPEN,BLOCKED_BY_FOUNDATION,f97dcbc3ecfbc19a130c4dbafef6cb7def9c3eb8
J016,01-identity-workforce-platform-providers,governance/operational_journey_protocol_package/smsm-dsh-wlt-journeys/01-identity-workforce-platform-providers/J016.md,Platform Control,"[FOUNDATION-00, J015]","[control-panel, app-client, app-partner, app-captain, app-field]",NOT_ASSESSED,OPEN,BLOCKED_BY_FOUNDATION,f97dcbc3ecfbc19a130c4dbafef6cb7def9c3eb8
J017,01-identity-workforce-platform-providers,governance/operational_journey_protocol_package/smsm-dsh-wlt-journeys/01-identity-workforce-platform-providers/J017.md,"[Platform Control, DSH, WLT]","[FOUNDATION-00, J016]","[control-panel, app-client, app-partner, app-captain, app-field]",NOT_ASSESSED,OPEN,BLOCKED_BY_FOUNDATION,f97dcbc3ecfbc19a130c4dbafef6cb7def9c3eb8
J018,01-identity-workforce-platform-providers,governance/operational_journey_protocol_package/smsm-dsh-wlt-journeys/01-identity-workforce-platform-providers/J018.md,Providers,"[FOUNDATION-00, J017]","[control-panel, app-client, app-partner, app-captain, app-field]",NOT_ASSESSED,OPEN,BLOCKED_BY_FOUNDATION,f97dcbc3ecfbc19a130c4dbafef6cb7def9c3eb8
J019,01-identity-workforce-platform-providers,governance/operational_journey_protocol_package/smsm-dsh-wlt-journeys/01-identity-workforce-platform-providers/J019.md,Providers,"[FOUNDATION-00, J018]","[control-panel, app-client, app-partner, app-captain, app-field]",NOT_ASSESSED,OPEN,BLOCKED_BY_FOUNDATION,f97dcbc3ecfbc19a130c4dbafef6cb7def9c3eb8
J020,02-partner-store-catalog-marketing,governance/operational_journey_protocol_package/smsm-dsh-wlt-journeys/02-partner-store-catalog-marketing/J020.md,DSH,"[FOUNDATION-00, J019]","[control-panel, app-field, app-partner]",NOT_ASSESSED,OPEN,BLOCKED_BY_FOUNDATION,f97dcbc3ecfbc19a130c4dbafef6cb7def9c3eb8
J021,02-partner-store-catalog-marketing,governance/operational_journey_protocol_package/smsm-dsh-wlt-journeys/02-partner-store-catalog-marketing/J021.md,DSH,"[FOUNDATION-00, J020]","[control-panel, app-field, app-partner]",NOT_ASSESSED,OPEN,BLOCKED_BY_FOUNDATION,f97dcbc3ecfbc19a130c4dbafef6cb7def9c3eb8
J022,02-partner-store-catalog-marketing,governance/operational_journey_protocol_package/smsm-dsh-wlt-journeys/02-partner-store-catalog-marketing/J022.md,"[DSH, Identity, Workforce]","[FOUNDATION-00, J021]","[app-partner, control-panel]",NOT_ASSESSED,OPEN,BLOCKED_BY_FOUNDATION,f97dcbc3ecfbc19a130c4dbafef6cb7def9c3eb8
J023,02-partner-store-catalog-marketing,governance/operational_journey_protocol_package/smsm-dsh-wlt-journeys/02-partner-store-catalog-marketing/J023.md,"[DSH, WLT]","[FOUNDATION-00, J022]","[control-panel, app-partner]",NOT_ASSESSED,OPEN,BLOCKED_BY_FOUNDATION,f97dcbc3ecfbc19a130c4dbafef6cb7def9c3eb8
J024,02-partner-store-catalog-marketing,governance/operational_journey_protocol_package/smsm-dsh-wlt-journeys/02-partner-store-catalog-marketing/J024.md,DSH,"[FOUNDATION-00, J023]","[control-panel, app-partner, app-field]",NOT_ASSESSED,OPEN,BLOCKED_BY_FOUNDATION,f97dcbc3ecfbc19a130c4dbafef6cb7def9c3eb8
J025,02-partner-store-catalog-marketing,governance/operational_journey_protocol_package/smsm-dsh-wlt-journeys/02-partner-store-catalog-marketing/J025.md,DSH,"[FOUNDATION-00, J024]","[control-panel, app-partner, app-field, app-client]",NOT_ASSESSED,OPEN,BLOCKED_BY_FOUNDATION,f97dcbc3ecfbc19a130c4dbafef6cb7def9c3eb8
J026,02-partner-store-catalog-marketing,governance/operational_journey_protocol_package/smsm-dsh-wlt-journeys/02-partner-store-catalog-marketing/J026.md,"[DSH, Providers]","[FOUNDATION-00, J025]","[control-panel, app-partner, app-field, app-client]",NOT_ASSESSED,OPEN,BLOCKED_BY_FOUNDATION,f97dcbc3ecfbc19a130c4dbafef6cb7def9c3eb8
J027,02-partner-store-catalog-marketing,governance/operational_journey_protocol_package/smsm-dsh-wlt-journeys/02-partner-store-catalog-marketing/J027.md,"[Workforce, DSH]","[FOUNDATION-00, J026]","[control-panel, app-partner, app-captain]",NOT_ASSESSED,OPEN,BLOCKED_BY_FOUNDATION,f97dcbc3ecfbc19a130c4dbafef6cb7def9c3eb8
J028,02-partner-store-catalog-marketing,governance/operational_journey_protocol_package/smsm-dsh-wlt-journeys/02-partner-store-catalog-marketing/J028.md,"[DSH, WLT]","[FOUNDATION-00, J027]","[control-panel, app-partner, app-client]",NOT_ASSESSED,OPEN,BLOCKED_BY_FOUNDATION,f97dcbc3ecfbc19a130c4dbafef6cb7def9c3eb8
J029,02-partner-store-catalog-marketing,governance/operational_journey_protocol_package/smsm-dsh-wlt-journeys/02-partner-store-catalog-marketing/J029.md,DSH,"[FOUNDATION-00, J028]","[control-panel, app-partner, app-field, app-client]",NOT_ASSESSED,OPEN,BLOCKED_BY_FOUNDATION,f97dcbc3ecfbc19a130c4dbafef6cb7def9c3eb8
J030,02-partner-store-catalog-marketing,governance/operational_journey_protocol_package/smsm-dsh-wlt-journeys/02-partner-store-catalog-marketing/J030.md,DSH,"[FOUNDATION-00, J029]","[control-panel, app-partner, app-field, app-client]",NOT_ASSESSED,OPEN,BLOCKED_BY_FOUNDATION,f97dcbc3ecfbc19a130c4dbafef6cb7def9c3eb8
J031,02-partner-store-catalog-marketing,governance/operational_journey_protocol_package/smsm-dsh-wlt-journeys/02-partner-store-catalog-marketing/J031.md,"[Media, DSH]","[FOUNDATION-00, J030]","[control-panel, app-partner, app-field, app-client]",NOT_ASSESSED,OPEN,BLOCKED_BY_FOUNDATION,f97dcbc3ecfbc19a130c4dbafef6cb7def9c3eb8
J032,02-partner-store-catalog-marketing,governance/operational_journey_protocol_package/smsm-dsh-wlt-journeys/02-partner-store-catalog-marketing/J032.md,DSH,"[FOUNDATION-00, J031]","[app-partner, app-field, control-panel]",NOT_ASSESSED,OPEN,BLOCKED_BY_FOUNDATION,f97dcbc3ecfbc19a130c4dbafef6cb7def9c3eb8
J033,02-partner-store-catalog-marketing,governance/operational_journey_protocol_package/smsm-dsh-wlt-journeys/02-partner-store-catalog-marketing/J033.md,DSH,"[FOUNDATION-00, J032]","[control-panel, app-partner, app-field]",NOT_ASSESSED,OPEN,BLOCKED_BY_FOUNDATION,f97dcbc3ecfbc19a130c4dbafef6cb7def9c3eb8
J034,02-partner-store-catalog-marketing,governance/operational_journey_protocol_package/smsm-dsh-wlt-journeys/02-partner-store-catalog-marketing/J034.md,DSH,"[FOUNDATION-00, J033]","[app-partner, app-field, control-panel, app-client]",NOT_ASSESSED,OPEN,BLOCKED_BY_FOUNDATION,f97dcbc3ecfbc19a130c4dbafef6cb7def9c3eb8
J035,02-partner-store-catalog-marketing,governance/operational_journey_protocol_package/smsm-dsh-wlt-journeys/02-partner-store-catalog-marketing/J035.md,DSH,"[FOUNDATION-00, J034]","[app-partner, app-field, control-panel, app-client]",NOT_ASSESSED,OPEN,BLOCKED_BY_FOUNDATION,f97dcbc3ecfbc19a130c4dbafef6cb7def9c3eb8
J036,02-partner-store-catalog-marketing,governance/operational_journey_protocol_package/smsm-dsh-wlt-journeys/02-partner-store-catalog-marketing/J036.md,DSH,"[FOUNDATION-00, J035]","[app-partner, control-panel, app-client]",NOT_ASSESSED,OPEN,BLOCKED_BY_FOUNDATION,f97dcbc3ecfbc19a130c4dbafef6cb7def9c3eb8
J037,02-partner-store-catalog-marketing,governance/operational_journey_protocol_package/smsm-dsh-wlt-journeys/02-partner-store-catalog-marketing/J037.md,"[DSH, Media]","[FOUNDATION-00, J036]","[app-partner, control-panel, app-client]",NOT_ASSESSED,OPEN,BLOCKED_BY_FOUNDATION,f97dcbc3ecfbc19a130c4dbafef6cb7def9c3eb8
J038,02-partner-store-catalog-marketing,governance/operational_journey_protocol_package/smsm-dsh-wlt-journeys/02-partner-store-catalog-marketing/J038.md,"[DSH, Platform Control]","[FOUNDATION-00, J037]","[control-panel, app-client]",NOT_ASSESSED,OPEN,BLOCKED_BY_FOUNDATION,f97dcbc3ecfbc19a130c4dbafef6cb7def9c3eb8
J039,02-partner-store-catalog-marketing,governance/operational_journey_protocol_package/smsm-dsh-wlt-journeys/02-partner-store-catalog-marketing/J039.md,"[DSH, WLT]","[FOUNDATION-00, J038]","[control-panel, app-partner, app-client]",NOT_ASSESSED,OPEN,BLOCKED_BY_FOUNDATION,f97dcbc3ecfbc19a130c4dbafef6cb7def9c3eb8
J040,02-partner-store-catalog-marketing,governance/operational_journey_protocol_package/smsm-dsh-wlt-journeys/02-partner-store-catalog-marketing/J040.md,"[DSH, WLT]","[FOUNDATION-00, J039]","[control-panel, app-client, app-partner]",NOT_ASSESSED,OPEN,BLOCKED_BY_FOUNDATION,f97dcbc3ecfbc19a130c4dbafef6cb7def9c3eb8
J041,03-customer-cart-checkout-order,governance/operational_journey_protocol_package/smsm-dsh-wlt-journeys/03-customer-cart-checkout-order/J041.md,"[DSH, Identity]","[FOUNDATION-00, J040]","[app-client, control-panel]",NOT_ASSESSED,OPEN,BLOCKED_BY_FOUNDATION,f97dcbc3ecfbc19a130c4dbafef6cb7def9c3eb8
J042,03-customer-cart-checkout-order,governance/operational_journey_protocol_package/smsm-dsh-wlt-journeys/03-customer-cart-checkout-order/J042.md,"[DSH, Providers]","[FOUNDATION-00, J041]","[app-client, app-captain, app-field, control-panel]",NOT_ASSESSED,OPEN,BLOCKED_BY_FOUNDATION,f97dcbc3ecfbc19a130c4dbafef6cb7def9c3eb8
J043,03-customer-cart-checkout-order,governance/operational_journey_protocol_package/smsm-dsh-wlt-journeys/03-customer-cart-checkout-order/J043.md,"[Providers, DSH]","[FOUNDATION-00, J042]","[app-client, app-field, app-captain, control-panel]",NOT_ASSESSED,OPEN,BLOCKED_BY_FOUNDATION,f97dcbc3ecfbc19a130c4dbafef6cb7def9c3eb8
J044,03-customer-cart-checkout-order,governance/operational_journey_protocol_package/smsm-dsh-wlt-journeys/03-customer-cart-checkout-order/J044.md,DSH,"[FOUNDATION-00, J043]","[app-client, control-panel, app-partner]",NOT_ASSESSED,OPEN,BLOCKED_BY_FOUNDATION,f97dcbc3ecfbc19a130c4dbafef6cb7def9c3eb8
J045,03-customer-cart-checkout-order,governance/operational_journey_protocol_package/smsm-dsh-wlt-journeys/03-customer-cart-checkout-order/J045.md,DSH,"[FOUNDATION-00, J044]","[app-client, app-partner, control-panel]",NOT_ASSESSED,OPEN,BLOCKED_BY_FOUNDATION,f97dcbc3ecfbc19a130c4dbafef6cb7def9c3eb8
J046,03-customer-cart-checkout-order,governance/operational_journey_protocol_package/smsm-dsh-wlt-journeys/03-customer-cart-checkout-order/J046.md,"[DSH, Providers]","[FOUNDATION-00, J045]","[app-client, app-partner, control-panel]",NOT_ASSESSED,OPEN,BLOCKED_BY_FOUNDATION,f97dcbc3ecfbc19a130c4dbafef6cb7def9c3eb8
J047,03-customer-cart-checkout-order,governance/operational_journey_protocol_package/smsm-dsh-wlt-journeys/03-customer-cart-checkout-order/J047.md,DSH,"[FOUNDATION-00, J046]","[app-client, control-panel]",NOT_ASSESSED,OPEN,BLOCKED_BY_FOUNDATION,f97dcbc3ecfbc19a130c4dbafef6cb7def9c3eb8
J048,03-customer-cart-checkout-order,governance/operational_journey_protocol_package/smsm-dsh-wlt-journeys/03-customer-cart-checkout-order/J048.md,DSH,"[FOUNDATION-00, J047]","[app-client, control-panel]",NOT_ASSESSED,OPEN,BLOCKED_BY_FOUNDATION,f97dcbc3ecfbc19a130c4dbafef6cb7def9c3eb8
J049,03-customer-cart-checkout-order,governance/operational_journey_protocol_package/smsm-dsh-wlt-journeys/03-customer-cart-checkout-order/J049.md,"[DSH, WLT]","[FOUNDATION-00, J048]","[app-client, app-partner, control-panel]",NOT_ASSESSED,OPEN,BLOCKED_BY_FOUNDATION,f97dcbc3ecfbc19a130c4dbafef6cb7def9c3eb8
J050,03-customer-cart-checkout-order,governance/operational_journey_protocol_package/smsm-dsh-wlt-journeys/03-customer-cart-checkout-order/J050.md,DSH,"[FOUNDATION-00, J049]","[app-client, control-panel]",NOT_ASSESSED,OPEN,BLOCKED_BY_FOUNDATION,f97dcbc3ecfbc19a130c4dbafef6cb7def9c3eb8
J051,03-customer-cart-checkout-order,governance/operational_journey_protocol_package/smsm-dsh-wlt-journeys/03-customer-cart-checkout-order/J051.md,DSH,"[FOUNDATION-00, J050]","[app-client, app-partner, app-captain, control-panel]",NOT_ASSESSED,OPEN,BLOCKED_BY_FOUNDATION,f97dcbc3ecfbc19a130c4dbafef6cb7def9c3eb8
J052,03-customer-cart-checkout-order,governance/operational_journey_protocol_package/smsm-dsh-wlt-journeys/03-customer-cart-checkout-order/J052.md,"[DSH, WLT]","[FOUNDATION-00, J051, J079]","[app-client, control-panel, app-partner]",NOT_ASSESSED,OPEN,BLOCKED_BY_FOUNDATION,f97dcbc3ecfbc19a130c4dbafef6cb7def9c3eb8
J053,03-customer-cart-checkout-order,governance/operational_journey_protocol_package/smsm-dsh-wlt-journeys/03-customer-cart-checkout-order/J053.md,DSH,"[FOUNDATION-00, J052]","[app-client, app-partner, control-panel]",NOT_ASSESSED,OPEN,BLOCKED_BY_FOUNDATION,f97dcbc3ecfbc19a130c4dbafef6cb7def9c3eb8
J054,03-customer-cart-checkout-order,governance/operational_journey_protocol_package/smsm-dsh-wlt-journeys/03-customer-cart-checkout-order/J054.md,DSH,"[FOUNDATION-00, J053]","[app-client, app-partner, app-captain, app-field, control-panel]",NOT_ASSESSED,OPEN,BLOCKED_BY_FOUNDATION,f97dcbc3ecfbc19a130c4dbafef6cb7def9c3eb8
J055,03-customer-cart-checkout-order,governance/operational_journey_protocol_package/smsm-dsh-wlt-journeys/03-customer-cart-checkout-order/J055.md,"[DSH, Platform Control]","[FOUNDATION-00, J054]","[control-panel, app-client, app-partner, app-captain, app-field]",NOT_ASSESSED,OPEN,BLOCKED_BY_FOUNDATION,f97dcbc3ecfbc19a130c4dbafef6cb7def9c3eb8
J056,04-fulfillment-delivery-support,governance/operational_journey_protocol_package/smsm-dsh-wlt-journeys/04-fulfillment-delivery-support/J056.md,"[DSH, Notifications]","[FOUNDATION-00, J055]","[app-partner, control-panel]",NOT_ASSESSED,OPEN,BLOCKED_BY_FOUNDATION,f97dcbc3ecfbc19a130c4dbafef6cb7def9c3eb8
J057,04-fulfillment-delivery-support,governance/operational_journey_protocol_package/smsm-dsh-wlt-journeys/04-fulfillment-delivery-support/J057.md,DSH,"[FOUNDATION-00, J056]","[app-partner, app-client, control-panel]",NOT_ASSESSED,OPEN,BLOCKED_BY_FOUNDATION,f97dcbc3ecfbc19a130c4dbafef6cb7def9c3eb8
J058,04-fulfillment-delivery-support,governance/operational_journey_protocol_package/smsm-dsh-wlt-journeys/04-fulfillment-delivery-support/J058.md,"[DSH, WLT]","[FOUNDATION-00, J057]","[app-partner, app-client, control-panel]",NOT_ASSESSED,OPEN,BLOCKED_BY_FOUNDATION,f97dcbc3ecfbc19a130c4dbafef6cb7def9c3eb8
J059,04-fulfillment-delivery-support,governance/operational_journey_protocol_package/smsm-dsh-wlt-journeys/04-fulfillment-delivery-support/J059.md,"[DSH, Media, WLT]","[FOUNDATION-00, J058]","[app-client, app-partner, control-panel]",NOT_ASSESSED,OPEN,BLOCKED_BY_FOUNDATION,f97dcbc3ecfbc19a130c4dbafef6cb7def9c3eb8
J060,04-fulfillment-delivery-support,governance/operational_journey_protocol_package/smsm-dsh-wlt-journeys/04-fulfillment-delivery-support/J060.md,DSH,"[FOUNDATION-00, J059]","[app-client, app-partner, control-panel]",NOT_ASSESSED,OPEN,BLOCKED_BY_FOUNDATION,f97dcbc3ecfbc19a130c4dbafef6cb7def9c3eb8
J061,04-fulfillment-delivery-support,governance/operational_journey_protocol_package/smsm-dsh-wlt-journeys/04-fulfillment-delivery-support/J061.md,"[DSH, Workforce, WLT]","[FOUNDATION-00, J060]","[app-captain, control-panel, app-partner]",NOT_ASSESSED,OPEN,BLOCKED_BY_FOUNDATION,f97dcbc3ecfbc19a130c4dbafef6cb7def9c3eb8
J062,04-fulfillment-delivery-support,governance/operational_journey_protocol_package/smsm-dsh-wlt-journeys/04-fulfillment-delivery-support/J062.md,DSH,"[FOUNDATION-00, J061]","[app-captain, control-panel, app-partner]",NOT_ASSESSED,OPEN,BLOCKED_BY_FOUNDATION,f97dcbc3ecfbc19a130c4dbafef6cb7def9c3eb8
J063,04-fulfillment-delivery-support,governance/operational_journey_protocol_package/smsm-dsh-wlt-journeys/04-fulfillment-delivery-support/J063.md,DSH,"[FOUNDATION-00, J062]","[control-panel, app-captain, app-client, app-partner]",NOT_ASSESSED,OPEN,BLOCKED_BY_FOUNDATION,f97dcbc3ecfbc19a130c4dbafef6cb7def9c3eb8
J064,04-fulfillment-delivery-support,governance/operational_journey_protocol_package/smsm-dsh-wlt-journeys/04-fulfillment-delivery-support/J064.md,"[DSH, Providers]","[FOUNDATION-00, J063]","[app-captain, app-client, app-partner, control-panel]",NOT_ASSESSED,OPEN,BLOCKED_BY_FOUNDATION,f97dcbc3ecfbc19a130c4dbafef6cb7def9c3eb8
J065,04-fulfillment-delivery-support,governance/operational_journey_protocol_package/smsm-dsh-wlt-journeys/04-fulfillment-delivery-support/J065.md,DSH,"[FOUNDATION-00, J064]","[app-partner, app-captain, control-panel]",NOT_ASSESSED,OPEN,BLOCKED_BY_FOUNDATION,f97dcbc3ecfbc19a130c4dbafef6cb7def9c3eb8
J066,04-fulfillment-delivery-support,governance/operational_journey_protocol_package/smsm-dsh-wlt-journeys/04-fulfillment-delivery-support/J066.md,DSH,"[FOUNDATION-00, J065]","[app-captain, app-client, control-panel]",NOT_ASSESSED,OPEN,BLOCKED_BY_FOUNDATION,f97dcbc3ecfbc19a130c4dbafef6cb7def9c3eb8
J067,04-fulfillment-delivery-support,governance/operational_journey_protocol_package/smsm-dsh-wlt-journeys/04-fulfillment-delivery-support/J067.md,"[DSH, WLT]","[FOUNDATION-00, J066]","[app-captain, app-client, control-panel]",NOT_ASSESSED,OPEN,BLOCKED_BY_FOUNDATION,f97dcbc3ecfbc19a130c4dbafef6cb7def9c3eb8
J068,04-fulfillment-delivery-support,governance/operational_journey_protocol_package/smsm-dsh-wlt-journeys/04-fulfillment-delivery-support/J068.md,"[Media, DSH]","[FOUNDATION-00, J067]","[app-captain, control-panel, app-client]",NOT_ASSESSED,OPEN,BLOCKED_BY_FOUNDATION,f97dcbc3ecfbc19a130c4dbafef6cb7def9c3eb8
J069,04-fulfillment-delivery-support,governance/operational_journey_protocol_package/smsm-dsh-wlt-journeys/04-fulfillment-delivery-support/J069.md,DSH,"[FOUNDATION-00, J068]","[app-captain, app-client, app-partner, control-panel]",NOT_ASSESSED,OPEN,BLOCKED_BY_FOUNDATION,f97dcbc3ecfbc19a130c4dbafef6cb7def9c3eb8
J070,04-fulfillment-delivery-support,governance/operational_journey_protocol_package/smsm-dsh-wlt-journeys/04-fulfillment-delivery-support/J070.md,"[DSH, WLT]","[FOUNDATION-00, J069]","[control-panel, app-captain, app-partner, app-client]",NOT_ASSESSED,OPEN,BLOCKED_BY_FOUNDATION,f97dcbc3ecfbc19a130c4dbafef6cb7def9c3eb8
J071,04-fulfillment-delivery-support,governance/operational_journey_protocol_package/smsm-dsh-wlt-journeys/04-fulfillment-delivery-support/J071.md,"[DSH, WLT]","[FOUNDATION-00, J070]","[app-client, app-partner, app-captain, control-panel]",NOT_ASSESSED,OPEN,BLOCKED_BY_FOUNDATION,f97dcbc3ecfbc19a130c4dbafef6cb7def9c3eb8
J072,04-fulfillment-delivery-support,governance/operational_journey_protocol_package/smsm-dsh-wlt-journeys/04-fulfillment-delivery-support/J072.md,"[DSH, WLT, Media]","[FOUNDATION-00, J071]","[app-client, app-partner, app-captain, control-panel]",NOT_ASSESSED,OPEN,BLOCKED_BY_FOUNDATION,f97dcbc3ecfbc19a130c4dbafef6cb7def9c3eb8
J073,04-fulfillment-delivery-support,governance/operational_journey_protocol_package/smsm-dsh-wlt-journeys/04-fulfillment-delivery-support/J073.md,"[DSH Support, Notifications, Media]","[FOUNDATION-00, J072]","[app-client, app-captain, control-panel]",NOT_ASSESSED,OPEN,BLOCKED_BY_FOUNDATION,f97dcbc3ecfbc19a130c4dbafef6cb7def9c3eb8
J074,04-fulfillment-delivery-support,governance/operational_journey_protocol_package/smsm-dsh-wlt-journeys/04-fulfillment-delivery-support/J074.md,"[DSH Support, WLT]","[FOUNDATION-00, J073]","[app-partner, control-panel]",NOT_ASSESSED,OPEN,BLOCKED_BY_FOUNDATION,f97dcbc3ecfbc19a130c4dbafef6cb7def9c3eb8
J075,04-fulfillment-delivery-support,governance/operational_journey_protocol_package/smsm-dsh-wlt-journeys/04-fulfillment-delivery-support/J075.md,"[DSH Coordination, AFFECTED_DOMAIN]","[FOUNDATION-00, J074]","[control-panel, app-field, app-partner, app-captain]",NOT_ASSESSED,OPEN,BLOCKED_BY_FOUNDATION,f97dcbc3ecfbc19a130c4dbafef6cb7def9c3eb8
J076,04-fulfillment-delivery-support,governance/operational_journey_protocol_package/smsm-dsh-wlt-journeys/04-fulfillment-delivery-support/J076.md,Notifications,"[FOUNDATION-00, J075]","[app-client, app-partner, app-captain, app-field, control-panel]",NOT_ASSESSED,OPEN,BLOCKED_BY_FOUNDATION,f97dcbc3ecfbc19a130c4dbafef6cb7def9c3eb8
J077,04-fulfillment-delivery-support,governance/operational_journey_protocol_package/smsm-dsh-wlt-journeys/04-fulfillment-delivery-support/J077.md,DSH,"[FOUNDATION-00, J076]","[app-client, app-partner, app-field, control-panel]",NOT_ASSESSED,OPEN,BLOCKED_BY_FOUNDATION,f97dcbc3ecfbc19a130c4dbafef6cb7def9c3eb8
J078,04-fulfillment-delivery-support,governance/operational_journey_protocol_package/smsm-dsh-wlt-journeys/04-fulfillment-delivery-support/J078.md,DSH Analytics Projections,"[FOUNDATION-00, J077]","[control-panel, app-partner]",NOT_ASSESSED,OPEN,BLOCKED_BY_FOUNDATION,f97dcbc3ecfbc19a130c4dbafef6cb7def9c3eb8
J079,05-financial-closure,governance/operational_journey_protocol_package/smsm-dsh-wlt-journeys/05-financial-closure/J079.md,"[DSH, WLT]","[FOUNDATION-00, J078]","[app-client, app-partner, app-captain, app-field, control-panel]",NOT_ASSESSED,OPEN,BLOCKED_BY_FOUNDATION,f97dcbc3ecfbc19a130c4dbafef6cb7def9c3eb8
J080,05-financial-closure,governance/operational_journey_protocol_package/smsm-dsh-wlt-journeys/05-financial-closure/J080.md,WLT,"[FOUNDATION-00, J079]","[app-client, app-partner, control-panel]",NOT_ASSESSED,OPEN,BLOCKED_BY_FOUNDATION,f97dcbc3ecfbc19a130c4dbafef6cb7def9c3eb8
J081,05-financial-closure,governance/operational_journey_protocol_package/smsm-dsh-wlt-journeys/05-financial-closure/J081.md,WLT,"[FOUNDATION-00, J080]","[app-client, app-partner, app-captain, app-field, control-panel]",NOT_ASSESSED,OPEN,BLOCKED_BY_FOUNDATION,f97dcbc3ecfbc19a130c4dbafef6cb7def9c3eb8
J082,05-financial-closure,governance/operational_journey_protocol_package/smsm-dsh-wlt-journeys/05-financial-closure/J082.md,WLT,"[FOUNDATION-00, J081]",[control-panel],NOT_ASSESSED,OPEN,BLOCKED_BY_FOUNDATION,f97dcbc3ecfbc19a130c4dbafef6cb7def9c3eb8
J083,05-financial-closure,governance/operational_journey_protocol_package/smsm-dsh-wlt-journeys/05-financial-closure/J083.md,"[WLT, DSH]","[FOUNDATION-00, J082]","[app-captain, app-partner, app-field, control-panel]",NOT_ASSESSED,OPEN,BLOCKED_BY_FOUNDATION,f97dcbc3ecfbc19a130c4dbafef6cb7def9c3eb8
J084,05-financial-closure,governance/operational_journey_protocol_package/smsm-dsh-wlt-journeys/05-financial-closure/J084.md,"[WLT, DSH]","[FOUNDATION-00, J083]","[app-captain, app-partner, app-field, control-panel]",NOT_ASSESSED,OPEN,BLOCKED_BY_FOUNDATION,f97dcbc3ecfbc19a130c4dbafef6cb7def9c3eb8
J085,05-financial-closure,governance/operational_journey_protocol_package/smsm-dsh-wlt-journeys/05-financial-closure/J085.md,WLT,"[FOUNDATION-00, J084]","[app-captain, app-field, control-panel]",NOT_ASSESSED,OPEN,BLOCKED_BY_FOUNDATION,f97dcbc3ecfbc19a130c4dbafef6cb7def9c3eb8
J086,05-financial-closure,governance/operational_journey_protocol_package/smsm-dsh-wlt-journeys/05-financial-closure/J086.md,WLT,"[FOUNDATION-00, J085]","[app-partner, app-captain, app-field, control-panel]",NOT_ASSESSED,OPEN,BLOCKED_BY_FOUNDATION,f97dcbc3ecfbc19a130c4dbafef6cb7def9c3eb8
J087,05-financial-closure,governance/operational_journey_protocol_package/smsm-dsh-wlt-journeys/05-financial-closure/J087.md,"[WLT, DSH]","[FOUNDATION-00, J086]","[app-partner, control-panel]",NOT_ASSESSED,OPEN,BLOCKED_BY_FOUNDATION,f97dcbc3ecfbc19a130c4dbafef6cb7def9c3eb8
J088,05-financial-closure,governance/operational_journey_protocol_package/smsm-dsh-wlt-journeys/05-financial-closure/J088.md,"[WLT, DSH]","[FOUNDATION-00, J087]","[app-client, app-partner, control-panel]",NOT_ASSESSED,OPEN,BLOCKED_BY_FOUNDATION,f97dcbc3ecfbc19a130c4dbafef6cb7def9c3eb8
J089,05-financial-closure,governance/operational_journey_protocol_package/smsm-dsh-wlt-journeys/05-financial-closure/J089.md,WLT,"[FOUNDATION-00, J088]","[app-client, app-partner, control-panel]",NOT_ASSESSED,OPEN,BLOCKED_BY_FOUNDATION,f97dcbc3ecfbc19a130c4dbafef6cb7def9c3eb8
J090,05-financial-closure,governance/operational_journey_protocol_package/smsm-dsh-wlt-journeys/05-financial-closure/J090.md,WLT,"[FOUNDATION-00, J089]","[app-partner, control-panel]",NOT_ASSESSED,OPEN,BLOCKED_BY_FOUNDATION,f97dcbc3ecfbc19a130c4dbafef6cb7def9c3eb8
J091,05-financial-closure,governance/operational_journey_protocol_package/smsm-dsh-wlt-journeys/05-financial-closure/J091.md,WLT,"[FOUNDATION-00, J090]","[app-partner, app-captain, app-field, control-panel]",NOT_ASSESSED,OPEN,BLOCKED_BY_FOUNDATION,f97dcbc3ecfbc19a130c4dbafef6cb7def9c3eb8
J092,05-financial-closure,governance/operational_journey_protocol_package/smsm-dsh-wlt-journeys/05-financial-closure/J092.md,WLT,"[FOUNDATION-00, J091]","[app-partner, app-captain, app-field, control-panel]",NOT_ASSESSED,OPEN,BLOCKED_BY_FOUNDATION,f97dcbc3ecfbc19a130c4dbafef6cb7def9c3eb8
J093,05-financial-closure,governance/operational_journey_protocol_package/smsm-dsh-wlt-journeys/05-financial-closure/J093.md,"[WLT, DSH]","[FOUNDATION-00, J092]","[control-panel, app-partner]",NOT_ASSESSED,OPEN,BLOCKED_BY_FOUNDATION,f97dcbc3ecfbc19a130c4dbafef6cb7def9c3eb8
J094,05-financial-closure,governance/operational_journey_protocol_package/smsm-dsh-wlt-journeys/05-financial-closure/J094.md,WLT,"[FOUNDATION-00, J093]","[app-partner, app-captain, app-field, control-panel]",NOT_ASSESSED,OPEN,BLOCKED_BY_FOUNDATION,f97dcbc3ecfbc19a130c4dbafef6cb7def9c3eb8
J095,06-cross-cutting-final,governance/operational_journey_protocol_package/smsm-dsh-wlt-journeys/06-cross-cutting-final/J095.md,[ALL_DOMAIN_OWNERS],"[FOUNDATION-00, J094]","[app-client, app-partner, app-captain, app-field, control-panel]",NOT_ASSESSED,OPEN,BLOCKED_BY_FOUNDATION,f97dcbc3ecfbc19a130c4dbafef6cb7def9c3eb8
J096,06-cross-cutting-final,governance/operational_journey_protocol_package/smsm-dsh-wlt-journeys/06-cross-cutting-final/J096.md,"[Identity, ALL_DOMAIN_OWNERS]","[FOUNDATION-00, J095]","[app-client, app-partner, app-captain, app-field, control-panel]",NOT_ASSESSED,OPEN,BLOCKED_BY_FOUNDATION,f97dcbc3ecfbc19a130c4dbafef6cb7def9c3eb8
J097,06-cross-cutting-final,governance/operational_journey_protocol_package/smsm-dsh-wlt-journeys/06-cross-cutting-final/J097.md,"[ALL_EVENT_PRODUCERS, ALL_EVENT_CONSUMERS]","[FOUNDATION-00, J096]",[control-panel],NOT_ASSESSED,OPEN,BLOCKED_BY_FOUNDATION,f97dcbc3ecfbc19a130c4dbafef6cb7def9c3eb8
J098,06-cross-cutting-final,governance/operational_journey_protocol_package/smsm-dsh-wlt-journeys/06-cross-cutting-final/J098.md,[ALL_JOB_OWNERS],"[FOUNDATION-00, J097]",[control-panel],NOT_ASSESSED,OPEN,BLOCKED_BY_FOUNDATION,f97dcbc3ecfbc19a130c4dbafef6cb7def9c3eb8
J099,06-cross-cutting-final,governance/operational_journey_protocol_package/smsm-dsh-wlt-journeys/06-cross-cutting-final/J099.md,[ALL_DOMAIN_OWNERS],"[FOUNDATION-00, J098]","[app-client, app-partner, app-captain, app-field, control-panel]",NOT_ASSESSED,OPEN,BLOCKED_BY_FOUNDATION,f97dcbc3ecfbc19a130c4dbafef6cb7def9c3eb8
J100,06-cross-cutting-final,governance/operational_journey_protocol_package/smsm-dsh-wlt-journeys/06-cross-cutting-final/J100.md,"[Media, ALL_LINKING_DOMAINS]","[FOUNDATION-00, J099]","[app-client, app-partner, app-captain, app-field, control-panel]",NOT_ASSESSED,OPEN,BLOCKED_BY_FOUNDATION,f97dcbc3ecfbc19a130c4dbafef6cb7def9c3eb8
J101,06-cross-cutting-final,governance/operational_journey_protocol_package/smsm-dsh-wlt-journeys/06-cross-cutting-final/J101.md,[ALL_MOBILE_DOMAIN_OWNERS],"[FOUNDATION-00, J100]","[app-client, app-partner, app-captain, app-field, control-panel]",NOT_ASSESSED,OPEN,BLOCKED_BY_FOUNDATION,f97dcbc3ecfbc19a130c4dbafef6cb7def9c3eb8
J102,06-cross-cutting-final,governance/operational_journey_protocol_package/smsm-dsh-wlt-journeys/06-cross-cutting-final/J102.md,"[ALL_SERVICES, PLATFORM_OPERATIONS]","[FOUNDATION-00, J101]",[control-panel],NOT_ASSESSED,OPEN,BLOCKED_BY_FOUNDATION,f97dcbc3ecfbc19a130c4dbafef6cb7def9c3eb8
J103,06-cross-cutting-final,governance/operational_journey_protocol_package/smsm-dsh-wlt-journeys/06-cross-cutting-final/J103.md,"[SECURITY, PRIVACY, ALL_DOMAIN_OWNERS]","[FOUNDATION-00, J102]","[app-client, app-partner, app-captain, app-field, control-panel]",NOT_ASSESSED,OPEN,BLOCKED_BY_FOUNDATION,f97dcbc3ecfbc19a130c4dbafef6cb7def9c3eb8
J104,06-cross-cutting-final,governance/operational_journey_protocol_package/smsm-dsh-wlt-journeys/06-cross-cutting-final/J104.md,"[PLATFORM_RUNTIME, ALL_SERVICES, ALL_SURFACES]","[FOUNDATION-00, J103]","[app-client, app-partner, app-captain, app-field, control-panel]",NOT_ASSESSED,OPEN,BLOCKED_BY_FOUNDATION,f97dcbc3ecfbc19a130c4dbafef6cb7def9c3eb8
J105,06-cross-cutting-final,governance/operational_journey_protocol_package/smsm-dsh-wlt-journeys/06-cross-cutting-final/J105.md,"[ALL_SURFACE_OWNERS, DESIGN_SYSTEM]","[FOUNDATION-00, J104]","[app-client, app-partner, app-captain, app-field, control-panel]",NOT_ASSESSED,OPEN,BLOCKED_BY_FOUNDATION,f97dcbc3ecfbc19a130c4dbafef6cb7def9c3eb8
J106,06-cross-cutting-final,governance/operational_journey_protocol_package/smsm-dsh-wlt-journeys/06-cross-cutting-final/J106.md,"[PLATFORM_DATA, ALL_DOMAIN_OWNERS, RELEASE_GOVERNANCE]","[FOUNDATION-00, J105]",[control-panel],NOT_ASSESSED,OPEN,BLOCKED_BY_FOUNDATION,f97dcbc3ecfbc19a130c4dbafef6cb7def9c3eb8
J107,06-cross-cutting-final,governance/operational_journey_protocol_package/smsm-dsh-wlt-journeys/06-cross-cutting-final/J107.md,"[GOVERNANCE, ALL_DOMAIN_OWNERS]","[FOUNDATION-00, J106]","[app-client, app-partner, app-captain, app-field, control-panel]",NOT_ASSESSED,OPEN,BLOCKED_BY_FOUNDATION,f97dcbc3ecfbc19a130c4dbafef6cb7def9c3eb8
