manifest,service,ordinal,file,declared_state,exists,expected_sha256,actual_sha256,verification_state,baseline_sha
core/identity/database/migrations/manifest.json,identity,1,identity-001_sessions.sql,HISTORICAL_IMMUTABLE,true,529188feaa64c4094b507bf4a8a1218d70b10f125935a3a845d4432b032eeb16,993aec367346e43914a0b1d692c8d89b93840d06eea1bc9d952da2cf390147e9,CHECKSUM_MISMATCH,f97dcbc3ecfbc19a130c4dbafef6cb7def9c3eb8
core/identity/database/migrations/manifest.json,identity,2,identity-002_activation_challenges.sql,HISTORICAL_IMMUTABLE,true,8cbfc449a8bb36ce7c9605c8b00fb9a49f096952b1506fd8779b2acca53494a0,0b5bdd503a3327b547f00af71560c8eda7a1ecc7488542e4ceff0c88430145ac,CHECKSUM_MISMATCH,f97dcbc3ecfbc19a130c4dbafef6cb7def9c3eb8
core/identity/database/migrations/manifest.json,identity,3,identity-003_login_attempts.sql,HISTORICAL_IMMUTABLE,true,583559997503e556510bc479c594c2db5106105c7ec4124cc7c3d0b160267a48,2fd33b928ca74c8a79aa9d8685892e92c96ff0832c1340a8bd3116b9c5f5219b,CHECKSUM_MISMATCH,f97dcbc3ecfbc19a130c4dbafef6cb7def9c3eb8
core/identity/database/migrations/manifest.json,identity,4,identity-004_otp_and_deletion_outbox.sql,HISTORICAL_IMMUTABLE,true,9fd0853fc1450fe5997697e13c67bd6f48ba4aa1ca371ec338358f78fff04ee8,41b02b53526de0901454068c6987f5a1330c4cb53ecedb8de82037672f930427,CHECKSUM_MISMATCH,f97dcbc3ecfbc19a130c4dbafef6cb7def9c3eb8
core/identity/database/migrations/manifest.json,identity,5,identity-005_governance.sql,HISTORICAL_IMMUTABLE,true,0591cd9fe4eb269cd95da36f027801f7c60c09ea31170a1fe770f42deac2fa1d,5a155dcaba7caaf31f0572d3a674e52f302f8d53b3bd3424c90e21554bd22e15,CHECKSUM_MISMATCH,f97dcbc3ecfbc19a130c4dbafef6cb7def9c3eb8
core/identity/database/migrations/manifest.json,identity,6,identity-006_deletion_outbox_delivery.sql,HISTORICAL_IMMUTABLE,true,44fc9cca1d44b53e65b5318a2643ce7b37a6396b2a6307232c4000dc1ba9f16f,f6f563559a198a0a01c73c34bfe55b02153f731890474f48115900643688edec,CHECKSUM_MISMATCH,f97dcbc3ecfbc19a130c4dbafef6cb7def9c3eb8
core/identity/database/migrations/manifest.json,identity,7,identity-007_local_actor_operator_context_repair.sql,HISTORICAL_IMMUTABLE,true,d423194952d81858c26e8887a585bb0466d28c958316a9820af4e75aecbe8133,174cd31b102c53013c1767cf3d9cf9192028658856dc55f4c8e175598759a63a,CHECKSUM_MISMATCH,f97dcbc3ecfbc19a130c4dbafef6cb7def9c3eb8
core/identity/database/migrations/manifest.json,identity,8,identity-008_employee_activation_surface.sql,HISTORICAL_IMMUTABLE,true,0b4e828d593ff2a1e14def1d0853d29348ad40008363c35873de47fed037e396,794a34f8fc5b2e073b1ec33e28d0b40beaca5426276cdc279ed83d2a0f1fee4f,CHECKSUM_MISMATCH,f97dcbc3ecfbc19a130c4dbafef6cb7def9c3eb8
core/identity/database/migrations/manifest.json,identity,9,identity-009_support_sessions.sql,HISTORICAL_IMMUTABLE,true,3a4cd4bfb31754f91b6950cb88a0d87126ac34d04c41e65ec6653c0fe090520d,eab006689806177c2438a28ec8a540f5dc62586bbe7d8327caffefb132e3b835,CHECKSUM_MISMATCH,f97dcbc3ecfbc19a130c4dbafef6cb7def9c3eb8
core/identity/database/migrations/manifest.json,identity,10,identity-010_employee_operator_role_repair.sql,HISTORICAL_IMMUTABLE,true,b92b70825f62953d310351c43606df66210cb7f186175d6007767750d8ae8909,598cd9df89af686cc2eaf42bb02bb4034d846ba0b0f9040e7b40908a0446fe5d,CHECKSUM_MISMATCH,f97dcbc3ecfbc19a130c4dbafef6cb7def9c3eb8
core/identity/database/migrations/manifest.json,identity,11,identity-011_employee_dsh_permission_backfill.sql,HISTORICAL_IMMUTABLE,true,58efbed6a60e4624c5b6c7e5e81663c577f490a7d184cf1b6a3bd0ee76cfd397,58efbed6a60e4624c5b6c7e5e81663c577f490a7d184cf1b6a3bd0ee76cfd397,PASS,f97dcbc3ecfbc19a130c4dbafef6cb7def9c3eb8
core/identity/database/migrations/manifest.json,identity,12,identity-012_activation_session_causality.sql,HISTORICAL_IMMUTABLE,true,62db708e2fcb5b6c5be51194e2472d45504093ffde2f36fb781b00995cfb07e8,bded0a9665b4a82218482bd43170a7a12c6097d6bcfc8b83295651b9aa1b5164,CHECKSUM_MISMATCH,f97dcbc3ecfbc19a130c4dbafef6cb7def9c3eb8
core/identity/database/migrations/manifest.json,identity,13,identity-013_actor_provisioning_integrity.sql,HISTORICAL_IMMUTABLE,true,80f50cbb08692c26abe57ba9186378dfbd713a28c888a86204238467925fb631,80f50cbb08692c26abe57ba9186378dfbd713a28c888a86204238467925fb631,PASS,f97dcbc3ecfbc19a130c4dbafef6cb7def9c3eb8
core/identity/database/migrations/manifest.json,identity,14,identity-014_actor_lifecycle_audit.sql,HISTORICAL_IMMUTABLE,true,2b926ca48f3d669f2505bb170857e97ed66f6414cd22e7e0540db35ae1826450,2b926ca48f3d669f2505bb170857e97ed66f6414cd22e7e0540db35ae1826450,PASS,f97dcbc3ecfbc19a130c4dbafef6cb7def9c3eb8
core/identity/database/migrations/manifest.json,identity,15,identity-015_actor_lifecycle_integrity.sql,HISTORICAL_IMMUTABLE,true,65fef9621d9d6dd25abeee2393bfed6e09c9e15da6ba4e5bd328a98f4d4c52e3,65fef9621d9d6dd25abeee2393bfed6e09c9e15da6ba4e5bd328a98f4d4c52e3,PASS,f97dcbc3ecfbc19a130c4dbafef6cb7def9c3eb8
core/identity/database/migrations/manifest.json,identity,16,identity-016_dsh_operational_policy_permissions.sql,HISTORICAL_IMMUTABLE,true,c7a7ba1e6a5d62aafa5279c13f90b4e22b835606d16e89b5db1cfb97b83ac8a8,c7a7ba1e6a5d62aafa5279c13f90b4e22b835606d16e89b5db1cfb97b83ac8a8,PASS,f97dcbc3ecfbc19a130c4dbafef6cb7def9c3eb8
core/identity/database/migrations/manifest.json,identity,17,identity-017_employee_dsh_permission_integrity.sql,ACTIVE,true,28d5384c6a38f960efb55b8bc64337b40b95404857c9fada92f466543fdb6c06,28d5384c6a38f960efb55b8bc64337b40b95404857c9fada92f466543fdb6c06,PASS,f97dcbc3ecfbc19a130c4dbafef6cb7def9c3eb8
core/platform-control/database/migrations/manifest.json,platform-control,1,platform-001_control_plane_store.sql,HISTORICAL_IMMUTABLE,true,28d2a5fe2c1a20ee220208bdd196efbb741f899d108aa82e79b93d4b771014fd,28d2a5fe2c1a20ee220208bdd196efbb741f899d108aa82e79b93d4b771014fd,PASS,f97dcbc3ecfbc19a130c4dbafef6cb7def9c3eb8
core/platform-control/database/migrations/manifest.json,platform-control,2,platform-002_progressive_rollouts.sql,HISTORICAL_IMMUTABLE,true,ddfa37f559ff9552d2ed97f71b001aa9fb419e40ba2efa103f35da7d746f7a18,ddfa37f559ff9552d2ed97f71b001aa9fb419e40ba2efa103f35da7d746f7a18,PASS,f97dcbc3ecfbc19a130c4dbafef6cb7def9c3eb8
core/platform-control/database/migrations/manifest.json,platform-control,3,platform-003_rollout_invariants.sql,HISTORICAL_IMMUTABLE,true,aac8e49330968480cb226d2189b614f08d4fa09d3c7054490a652f90b6a9ce15,aac8e49330968480cb226d2189b614f08d4fa09d3c7054490a652f90b6a9ce15,PASS,f97dcbc3ecfbc19a130c4dbafef6cb7def9c3eb8
core/platform-control/database/migrations/manifest.json,platform-control,4,platform-004_jrn041_rollout_governance.sql,HISTORICAL_IMMUTABLE,true,76b7b3ebdfa975bad5f42c6c5a3663a6b7fc3355851489246ae7f9e3d6196d8a,76b7b3ebdfa975bad5f42c6c5a3663a6b7fc3355851489246ae7f9e3d6196d8a,PASS,f97dcbc3ecfbc19a130c4dbafef6cb7def9c3eb8
core/platform-control/database/migrations/manifest.json,platform-control,5,platform-005_change_set_validation.sql,HISTORICAL_IMMUTABLE,true,d48801d7d9dcd0affeb96bd570927ccb0c3b4512c084230f49fdafcad66c22f7,d48801d7d9dcd0affeb96bd570927ccb0c3b4512c084230f49fdafcad66c22f7,PASS,f97dcbc3ecfbc19a130c4dbafef6cb7def9c3eb8
core/platform-control/database/migrations/manifest.json,platform-control,6,platform-006_sensitive_change_boundary.sql,HISTORICAL_IMMUTABLE,true,27a83d1ab81ac55616443978836ac3ddef5b96f21f3e60532e17948df9c898b8,27a83d1ab81ac55616443978836ac3ddef5b96f21f3e60532e17948df9c898b8,PASS,f97dcbc3ecfbc19a130c4dbafef6cb7def9c3eb8
core/platform-control/database/migrations/manifest.json,platform-control,7,platform-007_audit_actor_roles_normalization.sql,HISTORICAL_IMMUTABLE,true,9395e48444826b06cc2e79f44f86e5f4b0dc7a917a25eee77d47739e471b4a5a,9395e48444826b06cc2e79f44f86e5f4b0dc7a917a25eee77d47739e471b4a5a,PASS,f97dcbc3ecfbc19a130c4dbafef6cb7def9c3eb8
core/platform-control/database/migrations/manifest.json,platform-control,8,platform-008_partner_commercial_model.sql,HISTORICAL_IMMUTABLE,true,52eda1faf121f113a327dfa4d3b31f5d055f6852f0476bde52d4826d73addb19,52eda1faf121f113a327dfa4d3b31f5d055f6852f0476bde52d4826d73addb19,PASS,f97dcbc3ecfbc19a130c4dbafef6cb7def9c3eb8
core/platform-control/database/migrations/manifest.json,platform-control,9,platform-009_partner_commercial_truth_boundary.sql,ACTIVE,true,e72e25fee9269e352a6ff208f48f164e5ef7e91f71fb4782d85530cb72bab0e8,e72e25fee9269e352a6ff208f48f164e5ef7e91f71fb4782d85530cb72bab0e8,PASS,f97dcbc3ecfbc19a130c4dbafef6cb7def9c3eb8
core/providers/database/migrations/manifest.json,providers,1,providers-001_initial.sql,HISTORICAL_IMMUTABLE,true,e3f12d4f81c828090b9d206c975b3636cb88037e2f3b67bda472727b01c30cee,e3f12d4f81c828090b9d206c975b3636cb88037e2f3b67bda472727b01c30cee,PASS,f97dcbc3ecfbc19a130c4dbafef6cb7def9c3eb8
core/providers/database/migrations/manifest.json,providers,2,providers-002_jrn_039_secret_safe_health.sql,HISTORICAL_IMMUTABLE,true,8b89c6847ce215735a0c507df7390f4d54b43b683a4498673f94f359f4f69d3d,8b89c6847ce215735a0c507df7390f4d54b43b683a4498673f94f359f4f69d3d,PASS,f97dcbc3ecfbc19a130c4dbafef6cb7def9c3eb8
core/providers/database/migrations/manifest.json,providers,3,providers-002_operator_execution_context.sql,HISTORICAL_IMMUTABLE,true,7128400630522811f153b4d0695f77e4cc73abf4df409e9ae3f3e52ce99a0a2a,5895b0e0941679efe2844fb494c1043678b4861bbe7d56227c56cb2176c77008,CHECKSUM_MISMATCH,f97dcbc3ecfbc19a130c4dbafef6cb7def9c3eb8
core/workforce/database/migrations/manifest.json,workforce,1,workforce-001_people.sql,HISTORICAL_IMMUTABLE,true,47f716ee91b2e842df0c3c5375aeb0ec53a0952f43d307da19cc5d5719fb1886,47f716ee91b2e842df0c3c5375aeb0ec53a0952f43d307da19cc5d5719fb1886,PASS,f97dcbc3ecfbc19a130c4dbafef6cb7def9c3eb8
core/workforce/database/migrations/manifest.json,workforce,2,workforce-002_provider_kind.sql,HISTORICAL_IMMUTABLE,true,4736087fea9c8ada76ce3d69904db340bd12cccda99b01ace550c588bd97c3a9,4736087fea9c8ada76ce3d69904db340bd12cccda99b01ace550c588bd97c3a9,PASS,f97dcbc3ecfbc19a130c4dbafef6cb7def9c3eb8
core/workforce/database/migrations/manifest.json,workforce,3,workforce-003_human_workforce_model.sql,HISTORICAL_IMMUTABLE,true,e5aac2cc70950df5cf5334f043df38766006f0020f5c059302a15cf46bf6c60e,e5aac2cc70950df5cf5334f043df38766006f0020f5c059302a15cf46bf6c60e,PASS,f97dcbc3ecfbc19a130c4dbafef6cb7def9c3eb8
core/workforce/database/migrations/manifest.json,workforce,4,workforce-004_operational_core.sql,HISTORICAL_IMMUTABLE,true,d4f9c4f81768e8d00e71d0cc6264f72259a34bcf26a6d0f9d0188bedf02dbcff,d4f9c4f81768e8d00e71d0cc6264f72259a34bcf26a6d0f9d0188bedf02dbcff,PASS,f97dcbc3ecfbc19a130c4dbafef6cb7def9c3eb8
core/workforce/database/migrations/manifest.json,workforce,5,workforce-005_operational_enforcement.sql,HISTORICAL_IMMUTABLE,true,c44e7463436415723711ee3d40789b7ab80cdddc580b687a969fd6cab096178f,c44e7463436415723711ee3d40789b7ab80cdddc580b687a969fd6cab096178f,PASS,f97dcbc3ecfbc19a130c4dbafef6cb7def9c3eb8
core/workforce/database/migrations/manifest.json,workforce,6,workforce-006_provider_activation_evidence.sql,HISTORICAL_IMMUTABLE,true,0b03d8a86b5d279bf2fb93af986cbc2f4ecf939d7cc7672b3c9ef1bf5882223d,0b03d8a86b5d279bf2fb93af986cbc2f4ecf939d7cc7672b3c9ef1bf5882223d,PASS,f97dcbc3ecfbc19a130c4dbafef6cb7def9c3eb8
core/workforce/database/migrations/manifest.json,workforce,7,workforce-007_employee_governance.sql,HISTORICAL_IMMUTABLE,true,fb152a6a3c8dc71dd854211c5ce0f1abe04117f10ada6bc3724475a25cfaf8d9,fb152a6a3c8dc71dd854211c5ce0f1abe04117f10ada6bc3724475a25cfaf8d9,PASS,f97dcbc3ecfbc19a130c4dbafef6cb7def9c3eb8
core/workforce/database/migrations/manifest.json,workforce,8,workforce-008_dsh_availability_outbox.sql,HISTORICAL_IMMUTABLE,true,c86f8db9fad612c9d6b865975aa97d79ee5535afee49262b69d1fddac654bb47,c86f8db9fad612c9d6b865975aa97d79ee5535afee49262b69d1fddac654bb47,PASS,f97dcbc3ecfbc19a130c4dbafef6cb7def9c3eb8
core/workforce/database/migrations/manifest.json,workforce,9,workforce-009_sovereign_leadership.sql,HISTORICAL_IMMUTABLE,true,a78e80ce5c583b27a5ff290ccf9961a898a60706fbf210f87ad765a6303237ce,a78e80ce5c583b27a5ff290ccf9961a898a60706fbf210f87ad765a6303237ce,PASS,f97dcbc3ecfbc19a130c4dbafef6cb7def9c3eb8
core/workforce/database/migrations/manifest.json,workforce,10,workforce-010_drop_legacy_provider_kind.sql,HISTORICAL_IMMUTABLE,true,6b917a38bacab3b6bc543290137cadff53f619a0befc648aed78834f7708eac2,6b917a38bacab3b6bc543290137cadff53f619a0befc648aed78834f7708eac2,PASS,f97dcbc3ecfbc19a130c4dbafef6cb7def9c3eb8
core/workforce/database/migrations/manifest.json,workforce,11,workforce-011_provider_operational_governance.sql,HISTORICAL_IMMUTABLE,true,d83a4fc3ddeb0d630235b7596bbb2e80022452e525d12aa7fa860a54ed9053b5,d83a4fc3ddeb0d630235b7596bbb2e80022452e525d12aa7fa860a54ed9053b5,PASS,f97dcbc3ecfbc19a130c4dbafef6cb7def9c3eb8
core/workforce/database/migrations/manifest.json,workforce,12,workforce-012_identity_workforce_authority_boundary.sql,HISTORICAL_IMMUTABLE,true,004656d7e30a213f1af252ccd8b87bf32c5cd341136f9ccf14e106dda5ed0ad4,004656d7e30a213f1af252ccd8b87bf32c5cd341136f9ccf14e106dda5ed0ad4,PASS,f97dcbc3ecfbc19a130c4dbafef6cb7def9c3eb8
core/workforce/database/migrations/manifest.json,workforce,13,workforce-013_captain_license_evidence_gate.sql,HISTORICAL_IMMUTABLE,true,3d1308868d8949d6543e47afe47170a1f3b18b6071b2f32b3776be627392d82e,3d1308868d8949d6543e47afe47170a1f3b18b6071b2f32b3776be627392d82e,PASS,f97dcbc3ecfbc19a130c4dbafef6cb7def9c3eb8
core/workforce/database/migrations/manifest.json,workforce,14,workforce-014_operational_assignments_integrity.sql,HISTORICAL_IMMUTABLE,true,5517ef53d10a4430e2ae914caa26ddb35082fc83b35db43b745a99a412a6f716,5517ef53d10a4430e2ae914caa26ddb35082fc83b35db43b745a99a412a6f716,PASS,f97dcbc3ecfbc19a130c4dbafef6cb7def9c3eb8
core/workforce/database/migrations/manifest.json,workforce,15,workforce-015_workforce_code_sequence_reconciliation.sql,ACTIVE,true,3ee3e9c4af204ea59cc1ae60ba43ec01ce36ed7413379f0410748f9f4b1314cd,3ee3e9c4af204ea59cc1ae60ba43ec01ce36ed7413379f0410748f9f4b1314cd,PASS,f97dcbc3ecfbc19a130c4dbafef6cb7def9c3eb8
services/dsh/database/migrations/manifest.extensions.json,dsh,197,dsh-972_financial_eligibility_wlt_decision_boundary.sql,ACTIVE,false,0845c392787adc1135cf99f65513984b973c3313296267726e29bf8c7d5c737c,,MISSING_FILE,f97dcbc3ecfbc19a130c4dbafef6cb7def9c3eb8
services/dsh/database/migrations/manifest.json,dsh,1,dsh-001_store_discovery.sql,HISTORICAL_IMMUTABLE,true,709a0f8766ae1d81747e31b8ea18d28a0e5695e756c53d2a7fccdd699ed52c75,1bbd104402f02b7119145d1340e449e83c842162bfd67daa3368abf01d8870c1,CHECKSUM_MISMATCH,f97dcbc3ecfbc19a130c4dbafef6cb7def9c3eb8
services/dsh/database/migrations/manifest.json,dsh,2,dsh-001b_store_governance.sql,HISTORICAL_IMMUTABLE,true,fef76c8ca67284a1a9ca7ccbb4dfaf7d6a8159d37a6523a64d07aa39528b1fa1,2550771838004df672cfbf4a380b43f738fb008a60eb135f8df5f7db55fda5dc,CHECKSUM_MISMATCH,f97dcbc3ecfbc19a130c4dbafef6cb7def9c3eb8
services/dsh/database/migrations/manifest.json,dsh,3,dsh-002_home_discovery.sql,HISTORICAL_IMMUTABLE,true,20208bbd87ad3d50a378cb0227d3ba4af519fad317f0a008888af9924f391007,1a195692675985aafe92db54cf78f4836a97fab56f791d9bfcc47ea0f4496368,CHECKSUM_MISMATCH,f97dcbc3ecfbc19a130c4dbafef6cb7def9c3eb8
services/dsh/database/migrations/manifest.json,dsh,4,dsh-002b_storefront_catalog.sql,HISTORICAL_IMMUTABLE,true,925d18f09a3a15bafce27d831d015a59499a8541f7245df59e45e2f4575e161a,7ee13e855e90dea97a2905921be6b425002f658004bdaa92ee6ba70a6e42ede3,CHECKSUM_MISMATCH,f97dcbc3ecfbc19a130c4dbafef6cb7def9c3eb8
services/dsh/database/migrations/manifest.json,dsh,5,dsh-004_cart.sql,HISTORICAL_IMMUTABLE,true,e9c742e560b37123642a73d7b228ebaa34d23765b157bc1b73d685a4eace6842,07de09c69d6569ae8427f1244077c1b474e67d33fa77e4e20c1275639b76322f,CHECKSUM_MISMATCH,f97dcbc3ecfbc19a130c4dbafef6cb7def9c3eb8
services/dsh/database/migrations/manifest.json,dsh,6,dsh-005_checkout_intent.sql,HISTORICAL_IMMUTABLE,true,94d7e08289bcb71da6e32ca36f1ffb4d4d86d13474b1e9d5eba6a7e290db384d,9960f8a15314aff5e3d7e6b089320fc297ed9e7f5b261bb3c4b322ef4c1254b3,CHECKSUM_MISMATCH,f97dcbc3ecfbc19a130c4dbafef6cb7def9c3eb8
services/dsh/database/migrations/manifest.json,dsh,7,dsh-006_orders.sql,HISTORICAL_IMMUTABLE,true,240e87cedceb6eb413f461954d23032b3a11840f749a24c87fa815fc42943656,21db38fb071f0554fd6e09dcf163d6a139460dadfc83fb81e2a8165db7f9891e,CHECKSUM_MISMATCH,f97dcbc3ecfbc19a130c4dbafef6cb7def9c3eb8
services/dsh/database/migrations/manifest.json,dsh,8,dsh-007_dispatch.sql,HISTORICAL_IMMUTABLE,true,c56d0fb7096323590bb886e66b93e306d97cf68d6f1e6a1d0704b59ab13a4165,6fc321b00fb4cc0d4ef6e5d5b3425f9c7dfe359f4e2a126f2813ec5343e6b928,CHECKSUM_MISMATCH,f97dcbc3ecfbc19a130c4dbafef6cb7def9c3eb8
services/dsh/database/migrations/manifest.json,dsh,9,dsh-008_field_onboarding.sql,HISTORICAL_IMMUTABLE,true,e467409551a317b4bf46182f43f4316e03b81fb1a58c251b845438382e2f15cc,f6969704550eb344980d4b41feb759c12dbcbdd5df63a6cf51dfd0b6247f6851,CHECKSUM_MISMATCH,f97dcbc3ecfbc19a130c4dbafef6cb7def9c3eb8
services/dsh/database/migrations/manifest.json,dsh,10,dsh-009_support.sql,HISTORICAL_IMMUTABLE,true,dd8def49c78c3f05688721c819862bbcb63ec8cfdf32c9153acd4596084a6a88,f8103369867cdcd53f0de72af77e20274cc52f503bc98c680bdf7a75c9d606a9,CHECKSUM_MISMATCH,f97dcbc3ecfbc19a130c4dbafef6cb7def9c3eb8
services/dsh/database/migrations/manifest.json,dsh,11,dsh-011_notifications.sql,HISTORICAL_IMMUTABLE,true,685a50dfa9f1e715308661c93653fa3be2cac689af9909d19b0ac36c4b954926,63c7123bc539038e5c506070f401357e17ff03abc9c99b4107b8417aec1c8b0a,CHECKSUM_MISMATCH,f97dcbc3ecfbc19a130c4dbafef6cb7def9c3eb8
services/dsh/database/migrations/manifest.json,dsh,12,dsh-012_marketing.sql,HISTORICAL_IMMUTABLE,true,787ce360463888d420edf5c809dd1cbeba008156ac4d78e66c0393a451e35dfa,e5dd9616a84f99f06d026924d6b9640eb6b654a688f90b523a6d9d279359050e,CHECKSUM_MISMATCH,f97dcbc3ecfbc19a130c4dbafef6cb7def9c3eb8
services/dsh/database/migrations/manifest.json,dsh,13,dsh-013_platform_policies.sql,HISTORICAL_IMMUTABLE,true,674641d348e869dac1fc8209ecf5a587a01edb2ef931f9455553ccc31d0ff4b9,7431384d488c85530fef792f51a8409341751551ec2375297f10acc817cb8583,CHECKSUM_MISMATCH,f97dcbc3ecfbc19a130c4dbafef6cb7def9c3eb8
services/dsh/database/migrations/manifest.json,dsh,14,dsh-014_administration.sql,HISTORICAL_IMMUTABLE,true,ce200941f0ad2262eccc5ac8e3b2994d957cbfacb12c3415363b00acd5af8dff,62270f3f529687934cd657322d73c8a5514026a30884997db64443e3be111a57,CHECKSUM_MISMATCH,f97dcbc3ecfbc19a130c4dbafef6cb7def9c3eb8
services/dsh/database/migrations/manifest.json,dsh,15,dsh-015_partner_lifecycle.sql,HISTORICAL_IMMUTABLE,true,5126adad950024c9db277988e9b8ad43850e444b2aa58b4d2aa84028150f26ec,46c3b0ebe2e88fdf45f98b02eef0cb5253f852d9ef39e521efb3af09cf2617d6,CHECKSUM_MISMATCH,f97dcbc3ecfbc19a130c4dbafef6cb7def9c3eb8
services/dsh/database/migrations/manifest.json,dsh,16,dsh-016_field_partner_store_draft.sql,HISTORICAL_IMMUTABLE,true,9c357016a35f92b566f5a44edeb2c105474237d3f493df1fa97b28d5701d952c,32b5df0ac64dcff30fad012231a4b754170b6978a3407fda89fd625eacf82f02,CHECKSUM_MISMATCH,f97dcbc3ecfbc19a130c4dbafef6cb7def9c3eb8
services/dsh/database/migrations/manifest.json,dsh,17,dsh-017_marketing_governance.sql,HISTORICAL_IMMUTABLE,true,ae030e8f2f57e77156c46dbbad99691a3f52d4c12a0268bd8ec9d1ad8b8e9966,ae030e8f2f57e77156c46dbbad99691a3f52d4c12a0268bd8ec9d1ad8b8e9966,PASS,f97dcbc3ecfbc19a130c4dbafef6cb7def9c3eb8
services/dsh/database/migrations/manifest.json,dsh,18,dsh-018_retire_marketing_banners_promos.sql,HISTORICAL_IMMUTABLE,true,841b3ecefcadfe9c9c437e010f1d101694ceb77b14f2d4666a57c9612e26ca21,1a60c2a516b62cbf73ff5d7a97e39b89c4cbec1f54f411c6ab86c2cd89cd2d6a,CHECKSUM_MISMATCH,f97dcbc3ecfbc19a130c4dbafef6cb7def9c3eb8
services/dsh/database/migrations/manifest.json,dsh,19,dsh-019_marketing_tickers.sql,HISTORICAL_IMMUTABLE,true,0473b963f3f1c649fac33c9f67508bf02c31442be740b3d40d4177293ecad6e2,7151dc3a0ee3459c1b126b2a6f5c84125772b233773d789c5dbaa2ce2a9bde10,CHECKSUM_MISMATCH,f97dcbc3ecfbc19a130c4dbafef6cb7def9c3eb8
services/dsh/database/migrations/manifest.json,dsh,20,dsh-020_partner_offers.sql,HISTORICAL_IMMUTABLE,true,c9d39fc8c54674bfd230ea2b4b356482507b56b168e597a6eb540e84001e20e7,8fdcc9ddd884f5ab865f10cdaf44914cb3aa45c89c35652e8e10598a9a26a5b2,CHECKSUM_MISMATCH,f97dcbc3ecfbc19a130c4dbafef6cb7def9c3eb8
services/dsh/database/migrations/manifest.json,dsh,21,dsh-021_checkout_payment_confirmation.sql,HISTORICAL_IMMUTABLE,true,4359f90ecfa258e05aa4bc4f43442a92c35e904407fa32c73ea12088a839505f,4639740381131e3d71a73e3ace3acc7b43e9b87e7ab4843a0a5ffb5bd94ca760,CHECKSUM_MISMATCH,f97dcbc3ecfbc19a130c4dbafef6cb7def9c3eb8
services/dsh/database/migrations/manifest.json,dsh,22,dsh-022_catalog_cart_pricing.sql,HISTORICAL_IMMUTABLE,true,f13fa291e539660e1982264cd977d048b739abd69c0228850775b90c74bc091b,22787cc4a57030826e3402f1791088526061733f819cce88cc778489033136da,CHECKSUM_MISMATCH,f97dcbc3ecfbc19a130c4dbafef6cb7def9c3eb8
services/dsh/database/migrations/manifest.json,dsh,23,dsh-023_catalog_approval_queue.sql,HISTORICAL_IMMUTABLE,true,899deeb28e00a4d9db3fea0521a2a4655c706632c90c5e80a240b7cd6786a77f,a690d02b309c163cd9be1f9cbc8cf31a283973ba968ade680c4ce2d7b5ac77e7,CHECKSUM_MISMATCH,f97dcbc3ecfbc19a130c4dbafef6cb7def9c3eb8
services/dsh/database/migrations/manifest.json,dsh,24,dsh-024_wlt_delivery_outbox.sql,HISTORICAL_IMMUTABLE,true,ec79069164235c163e3990a5d448276462772c2a72319e7278daf30f2abdbbc4,69b00121f96d7ad0a4f4feeb091df9f15305fb7b3c0cbe3bd69c2d1405230e64,CHECKSUM_MISMATCH,f97dcbc3ecfbc19a130c4dbafef6cb7def9c3eb8
services/dsh/database/migrations/manifest.json,dsh,25,dsh-025_marketing_entity_type_constraints.sql,HISTORICAL_IMMUTABLE,true,b3c2b6cbfe022b34e8c740515574563c6372c4fc79ea7f88ad5d298d2f034c9a,4b5d94c95b605deecf8d8612054052b6d8867ec1f8579c58ec31520645e193b5,CHECKSUM_MISMATCH,f97dcbc3ecfbc19a130c4dbafef6cb7def9c3eb8
services/dsh/database/migrations/manifest.json,dsh,26,dsh-026_media_refs.sql,HISTORICAL_IMMUTABLE,true,29e8536fab4f1748e7b9c5aac0902688a6c679a822410d8b1c930d056b3dd23b,b467541bfb1cd5c9d9920093186902b799f39a9ecd0c6e28a64862576aa5d03b,CHECKSUM_MISMATCH,f97dcbc3ecfbc19a130c4dbafef6cb7def9c3eb8
services/dsh/database/migrations/manifest.json,dsh,27,dsh-027_media_refs_provider_owned.sql,HISTORICAL_IMMUTABLE,true,130571b89b985440d6d06104b04528f259be086ecbe72f534ccef0b01054e680,13b77ef5c551db6c75ef368a701387fbd7685e5dec1b4e8d8d4857194fe73b9b,CHECKSUM_MISMATCH,f97dcbc3ecfbc19a130c4dbafef6cb7def9c3eb8
services/dsh/database/migrations/manifest.json,dsh,28,dsh-027_partner_bank_account.sql,HISTORICAL_IMMUTABLE,true,0fcb80996b0bd80c1afa6d2446da8f9e8e7de416d401a33dcfbbf7574443897d,b8fb6c691716bd08bb5081465fbe9e36694118a8b6854f935e33e2c415069a4a,CHECKSUM_MISMATCH,f97dcbc3ecfbc19a130c4dbafef6cb7def9c3eb8
services/dsh/database/migrations/manifest.json,dsh,29,dsh-028_store_onboarding_fee_policy.sql,HISTORICAL_IMMUTABLE,true,2ff258096825fb6ff541c6d54ee229c8d37ba60c9cac75510a9ea7f9fe1a77e1,3294717254125986dfbea1522d3216d3cc21dd64fbfca0dd869a22f6869486f7,CHECKSUM_MISMATCH,f97dcbc3ecfbc19a130c4dbafef6cb7def9c3eb8
services/dsh/database/migrations/manifest.json,dsh,30,dsh-029_field_work_queue_index.sql,HISTORICAL_IMMUTABLE,true,a2bb1d6ecc6ed2813ce3d06ff6fe6579b1f63c1241b1df86b5bdcd6a3c759350,a9c6a98a8b56d43c1b805078d8e10d5de597eae266f81038be88077ab1fbe58c,CHECKSUM_MISMATCH,f97dcbc3ecfbc19a130c4dbafef6cb7def9c3eb8
services/dsh/database/migrations/manifest.json,dsh,31,dsh-030_central_catalog_sovereignty.sql,HISTORICAL_IMMUTABLE,true,701174a330a64d27eff9158d7f93aefa3800f12c1494211a604bc933157b0fd7,55e7249be2b556302e97e56c990ba5a3e726b8572598c53e0009363eaec9c3a6,CHECKSUM_MISMATCH,f97dcbc3ecfbc19a130c4dbafef6cb7def9c3eb8
services/dsh/database/migrations/manifest.json,dsh,32,dsh-031_product_proposal_review_pipeline.sql,HISTORICAL_IMMUTABLE,true,0962721b96c7c515b9cb9ea7c9d0a58f188549efcfa36b96d0bf1c384e93727c,74cf03ee9dcb6562cbb69de8db8f09ccec6fc49126191a0ea48f11679f2cbc0b,CHECKSUM_MISMATCH,f97dcbc3ecfbc19a130c4dbafef6cb7def9c3eb8
services/dsh/database/migrations/manifest.json,dsh,33,dsh-032_catalog_pim_dam_attributes_bulk_closure.sql,HISTORICAL_IMMUTABLE,true,f1ba9dec8eba01480b549019d2a71d43d63d7b26217067d72150a1f4ea020562,724cab0f5904681be8abee260687e5aedffcc8307ec5eda21ceeb1efeb03006d,CHECKSUM_MISMATCH,f97dcbc3ecfbc19a130c4dbafef6cb7def9c3eb8
services/dsh/database/migrations/manifest.json,dsh,34,dsh-033_cart_master_product_linkage.sql,HISTORICAL_IMMUTABLE,true,029892d299dff0d9223ab50b79a141339c1664cba8e940149d96cb6351e691f0,41db001b876af57b1a3cd8676995818b7022416c24e4e3744f7003cdb1ab831b,CHECKSUM_MISMATCH,f97dcbc3ecfbc19a130c4dbafef6cb7def9c3eb8
services/dsh/database/migrations/manifest.json,dsh,35,dsh-034_field_visit_integrity.sql,HISTORICAL_IMMUTABLE,true,f51ab90d965a080cc499853aba0951c826feae0894f9c4e541eb2601f9ba97ae,4fe321c98da82ded55c36bbca58cb112c7457daa39535ce04118815f1358339e,CHECKSUM_MISMATCH,f97dcbc3ecfbc19a130c4dbafef6cb7def9c3eb8
services/dsh/database/migrations/manifest.json,dsh,36,dsh-035_field_verification_snapshots.sql,HISTORICAL_IMMUTABLE,true,b45e006b8f30f9df2a4ba9d8112aa197c4497c702f3012a798ab3aeca9b8ad0e,31acc50ca811a997416c8dc01b6f32bd71f349b84388126f905a322f067e2754,CHECKSUM_MISMATCH,f97dcbc3ecfbc19a130c4dbafef6cb7def9c3eb8
services/dsh/database/migrations/manifest.json,dsh,37,dsh-036_central_catalog_runtime_closure.sql,HISTORICAL_IMMUTABLE,true,93341eabc8c9728356bc5ad95746fd9ceaa42aeb9ae3e4c7326bc03d5f52d8c5,3695e8f3696eddf6430d255ea31aad7a2739f3c444c6d839b3c8da5367bbc7c8,CHECKSUM_MISMATCH,f97dcbc3ecfbc19a130c4dbafef6cb7def9c3eb8
services/dsh/database/migrations/manifest.json,dsh,38,dsh-037_store_media_dam.sql,HISTORICAL_IMMUTABLE,true,4de45c8babf54763877767786089c27db9f600f451955493a3a04b59a98531cd,a4765381b32e74d6bd9645099a169239a76ddaa4e77e1d9e53b6c8cc626be4ee,CHECKSUM_MISMATCH,f97dcbc3ecfbc19a130c4dbafef6cb7def9c3eb8
services/dsh/database/migrations/manifest.json,dsh,39,dsh-038_catalog_media_integrity.sql,HISTORICAL_IMMUTABLE,true,0ecad381e84cfc1df889ad195953aede353752aab359e914c5597f4befeb3739,82ea2a2b81d043e97f0557f4566da914838d5e625ae10485323c821b66f5b4ba,CHECKSUM_MISMATCH,f97dcbc3ecfbc19a130c4dbafef6cb7def9c3eb8
services/dsh/database/migrations/manifest.json,dsh,40,dsh-039_dispatch_captain_location.sql,HISTORICAL_IMMUTABLE,true,7aa9aa5883d96ef48999d8dd5af8060813de865aad7d9020794b89931a3117d0,1d38b177c57fe1c4ad6d9d6126a00357959be17fa18b9d2ca855ce3302d430ec,CHECKSUM_MISMATCH,f97dcbc3ecfbc19a130c4dbafef6cb7def9c3eb8
services/dsh/database/migrations/manifest.json,dsh,41,dsh-040_payout_destination_ref.sql,HISTORICAL_IMMUTABLE,true,58b88bdd8f75ab4387f02ffa0fe7af1995401014f3fa93bcd89d3e59dd4b64b0,bf06c6670f712adedc307d17f4bfb9f329c8bf3d1d4fcd46bb224326ddc15cd0,CHECKSUM_MISMATCH,f97dcbc3ecfbc19a130c4dbafef6cb7def9c3eb8
services/dsh/database/migrations/manifest.json,dsh,42,dsh-041_catalog_domain_strict_constraints.sql,HISTORICAL_IMMUTABLE,true,2df20e180f3728e012bdc81c479d37a1b485741d2040efd1e83a0a668774fe75,9b40b7336668b0375df4097a2e79b210ac9eca9c7fd7f714f2d6701f572c9e7a,CHECKSUM_MISMATCH,f97dcbc3ecfbc19a130c4dbafef6cb7def9c3eb8
services/dsh/database/migrations/manifest.json,dsh,43,dsh-042_catalog_domain_fixes.sql,HISTORICAL_IMMUTABLE,true,d6afddf99a8c80dfb726802cfdcd459c81a40db71727d2377877530c32934b54,569d5238e755b017e4723822ea27e3bb169f6446525d044f9263a15a850f1c83,CHECKSUM_MISMATCH,f97dcbc3ecfbc19a130c4dbafef6cb7def9c3eb8
services/dsh/database/migrations/manifest.json,dsh,44,dsh-043_catalog_domain_fixes_v2.sql,HISTORICAL_IMMUTABLE,true,b24b451d1e5f8bb3ab81b9f1de9d932cc6ac89dc63f46482db286c06507e4b22,ed4535d55d79d9fde8fe014bc909cd52b8916082c1005df29d37c856c44eb1c5,CHECKSUM_MISMATCH,f97dcbc3ecfbc19a130c4dbafef6cb7def9c3eb8
services/dsh/database/migrations/manifest.json,dsh,45,dsh-044_catalog_concurrency_and_backfill.sql,HISTORICAL_IMMUTABLE,true,55f9024616a0489a37253769585b5f488a8a109c0e264acf55b97ad4d72cf08d,1db4a06e0560ee8efbe7874867f70b78f6ab664b4111ec88cdbe85ce2d1362d6,CHECKSUM_MISMATCH,f97dcbc3ecfbc19a130c4dbafef6cb7def9c3eb8
services/dsh/database/migrations/manifest.json,dsh,46,dsh-045_occ_version_columns.sql,HISTORICAL_IMMUTABLE,true,894e358ea0c77f0bf2688585a6f029300214eaec351833a0c8080ea1084a1ade,d325f435a32be99da82fe7bb5dcec65f533414d8f77b889a8f599273d4ba15ec,CHECKSUM_MISMATCH,f97dcbc3ecfbc19a130c4dbafef6cb7def9c3eb8
services/dsh/database/migrations/manifest.json,dsh,47,dsh-046_field_visit_gps.sql,HISTORICAL_IMMUTABLE,true,d9e0e2b18215f60e62fde3476ed2a44ba3120f018d9772bce92f181dad5c7650,d9e0e2b18215f60e62fde3476ed2a44ba3120f018d9772bce92f181dad5c7650,PASS,f97dcbc3ecfbc19a130c4dbafef6cb7def9c3eb8
services/dsh/database/migrations/manifest.json,dsh,48,dsh-047_field_commission_outbox.sql,HISTORICAL_IMMUTABLE,true,89c987d89ec11897c937bc52a8829efce3a55951f896830e54068df71c86a899,dc2a8b5b61eee077b737acb395ddcec7a7ceee85ff57811a9c6c61555dcbd4fc,CHECKSUM_MISMATCH,f97dcbc3ecfbc19a130c4dbafef6cb7def9c3eb8
services/dsh/database/migrations/manifest.json,dsh,49,dsh-048_checkout_financial_closure_outbox.sql,HISTORICAL_IMMUTABLE,true,b937bff9d18741d7e3d35543e8c83e5337cf1f5892074b5b693282cdec5c7143,2df8ac5a33c5c4687fcdc0f48ead4b3ac590fb50a032455b09dbf40771d57b2d,CHECKSUM_MISMATCH,f97dcbc3ecfbc19a130c4dbafef6cb7def9c3eb8
services/dsh/database/migrations/manifest.json,dsh,50,dsh-048_workforce_actor_area_scopes.sql,HISTORICAL_IMMUTABLE,true,5d4b2e606a6f2d8cd03c5909b71f84cb70f62f5b3eb7da4fe7a82f208f3d3cc4,5d4b2e606a6f2d8cd03c5909b71f84cb70f62f5b3eb7da4fe7a82f208f3d3cc4,PASS,f97dcbc3ecfbc19a130c4dbafef6cb7def9c3eb8
services/dsh/database/migrations/manifest.json,dsh,51,dsh-049_fulfillment_mode.sql,HISTORICAL_IMMUTABLE,true,7a7e4746d09e7fbf410b9c81fd8af4fc57635161eeca156562e10c7d24ef622e,8e200d4f00e963f61c54514ea2dd9d528c22240b5f00743790cb6cd93137abc2,CHECKSUM_MISMATCH,f97dcbc3ecfbc19a130c4dbafef6cb7def9c3eb8
services/dsh/database/migrations/manifest.json,dsh,52,dsh-050_partner_team_courier_coverage.sql,HISTORICAL_IMMUTABLE,true,38a8e1cc4439cf15225f5bd941c12ca5335232b788229b6fd220a2595533388c,61d44785f84dbc1b7b75c9bc88c13084651f72b35dfff3e02c94d5f5e7a8122c,CHECKSUM_MISMATCH,f97dcbc3ecfbc19a130c4dbafef6cb7def9c3eb8
services/dsh/database/migrations/manifest.json,dsh,53,dsh-051_team_identity.sql,HISTORICAL_IMMUTABLE,true,db1db991ede39277232818c42db2d3c04121732715204ff48e8cd8cc5c759062,3e351a39aef4208bc043190bab4e200e3e7d299fe92e717ac94be5c8fd822433,CHECKSUM_MISMATCH,f97dcbc3ecfbc19a130c4dbafef6cb7def9c3eb8
services/dsh/database/migrations/manifest.json,dsh,54,dsh-052_catalog_asset_link_version.sql,HISTORICAL_IMMUTABLE,true,076180351ca130f93ada00da05c350bfe65816c364a298fce6b46bd4de787e3e,60d7821cb09b7670ddfec77bf1cf1240f9379484dceeb61fdb6cb660531b7df5,CHECKSUM_MISMATCH,f97dcbc3ecfbc19a130c4dbafef6cb7def9c3eb8
services/dsh/database/migrations/manifest.json,dsh,55,dsh-053_special_requests.sql,HISTORICAL_IMMUTABLE,true,8da869e792ce7220cfc741021a3b0359dac7cbd4bf15e4bb807c0e5448cc9df5,a91225a9bc79bb5a7ecd93f3de61272c15c8712d5857174beb9f23b425421687,CHECKSUM_MISMATCH,f97dcbc3ecfbc19a130c4dbafef6cb7def9c3eb8
services/dsh/database/migrations/manifest.json,dsh,56,dsh-054_special_requests_closure.sql,HISTORICAL_IMMUTABLE,true,58f73af96713e549e7474be1b61f2f1d0653a719ea1557ae11311cef68318cdb,ec37605b4d0e1fa3acb0d7139ee08300ddbda3b815bcc40205d79b86ffa6e40b,CHECKSUM_MISMATCH,f97dcbc3ecfbc19a130c4dbafef6cb7def9c3eb8
services/dsh/database/migrations/manifest.json,dsh,57,dsh-055_operational_closure.sql,HISTORICAL_IMMUTABLE,true,4f2d7eb0e94748da2bcd252c3e5aff48fd86bb8b94247174b53ecbe504ec5a06,23deefd96c2053022f408f075408ac4df39e34a27a5b198e93d64e20c89db8e8,CHECKSUM_MISMATCH,f97dcbc3ecfbc19a130c4dbafef6cb7def9c3eb8
services/dsh/database/migrations/manifest.json,dsh,58,dsh-056_client_addresses.sql,HISTORICAL_IMMUTABLE,true,643ac350e54ec58061168feb42b32ba24ee52e31e02688bc3fb77b0eef61aa88,1e83908c98fc5754e0520979d3db3e73f97bad5bb748d73d3597246789d32afd,CHECKSUM_MISMATCH,f97dcbc3ecfbc19a130c4dbafef6cb7def9c3eb8
services/dsh/database/migrations/manifest.json,dsh,59,dsh-056_special_requests_operator_context.sql,HISTORICAL_IMMUTABLE,true,c0ccf89a329f6b7b6f67dfc101f4ecd5c485adf825be4a63b6df4343b64aa122,c0ccf89a329f6b7b6f67dfc101f4ecd5c485adf825be4a63b6df4343b64aa122,PASS,f97dcbc3ecfbc19a130c4dbafef6cb7def9c3eb8
services/dsh/database/migrations/manifest.json,dsh,60,dsh-057_checkout_address_reference.sql,HISTORICAL_IMMUTABLE,true,8e4a7ff6d3f2faf4a8abcbfb6cf97141c8e7f6b7933cc888b3c2669967495e41,fdd4dc0b08ed86cccf6b8d30ea60ff04468927a0b06ca7ec6795a7dc8aeed580,CHECKSUM_MISMATCH,f97dcbc3ecfbc19a130c4dbafef6cb7def9c3eb8
services/dsh/database/migrations/manifest.json,dsh,61,dsh-057_partner_delivery_pickup_closure.sql,HISTORICAL_IMMUTABLE,true,2a3c8834e5874920e5f3a2fd564ff1a185c370bb6a8ec57cc1f8e773523f035a,f3ae9ff8e7ef0b5705f5eab269a0fd12a96658513bc33e0d485f270db21a429d,CHECKSUM_MISMATCH,f97dcbc3ecfbc19a130c4dbafef6cb7def9c3eb8
services/dsh/database/migrations/manifest.json,dsh,62,dsh-058_partner_commercial_programs.sql,HISTORICAL_IMMUTABLE,true,0eea9196fe6a9f780f8173047718977caf259cb8a8e166f7ec3d1dcedd230912,7cc07bc23bc6e68fbf69f901b15f501f19b28f891dd67997c71394de8e5c511f,CHECKSUM_MISMATCH,f97dcbc3ecfbc19a130c4dbafef6cb7def9c3eb8
services/dsh/database/migrations/manifest.json,dsh,63,dsh-058_partner_team_idempotency.sql,HISTORICAL_IMMUTABLE,true,7b5288c08f587f38956e62c339ef2cd3d8bd78d73b11e1306ba53353ce94d95a,e091f47692b67231ece148e19f53249c44467df0e9d1196f8e3186966eca3871,CHECKSUM_MISMATCH,f97dcbc3ecfbc19a130c4dbafef6cb7def9c3eb8
services/dsh/database/migrations/manifest.json,dsh,64,dsh-058_unified_constraints.sql,HISTORICAL_IMMUTABLE,true,c91040e790b9b9f11023cd4ac1505c71ba9d4fb6031d744df0a1f83ab85f1ad7,288d773439d9c7c6ceaa2b8a6e877905ed89ba05b29a42e352f09ff31ee71cd9,CHECKSUM_MISMATCH,f97dcbc3ecfbc19a130c4dbafef6cb7def9c3eb8
services/dsh/database/migrations/manifest.json,dsh,65,dsh-059_partner_courier_connection_codes.sql,HISTORICAL_IMMUTABLE,true,ce52c116c3d0c2b369c8c7d4c8e8fedb1b014f6cd72d345ac38917fef29ad992,d31bf69a9719e4608ea37ed1637b019bdfe51dacb0a564406cee195c84fa5aee,CHECKSUM_MISMATCH,f97dcbc3ecfbc19a130c4dbafef6cb7def9c3eb8
services/dsh/database/migrations/manifest.json,dsh,66,dsh-059_partner_support_integrity.sql,HISTORICAL_IMMUTABLE,true,dbb1717642b5c6cddbbbe4c59fa87bd85c502c24daa82a0e1518c45171369e4d,113e6c5dd12b3e98ef5d249f2f03e944b3a72eb8c90c5ac3d41b4a008fe14876,CHECKSUM_MISMATCH,f97dcbc3ecfbc19a130c4dbafef6cb7def9c3eb8
services/dsh/database/migrations/manifest.json,dsh,67,dsh-059_special_request_dispatch_stage_sync.sql,HISTORICAL_IMMUTABLE,true,62e80cdfc29455bc82acd17776feec0b75c0a36f1e67d25a8697dcd2bca54baa,82d38edcdf4bc82941cd5e303e555009e9ad5a55c78ac8e442f90b5cc97e2c24,CHECKSUM_MISMATCH,f97dcbc3ecfbc19a130c4dbafef6cb7def9c3eb8
services/dsh/database/migrations/manifest.json,dsh,68,dsh-060_home_marketing_publication_gates.sql,HISTORICAL_IMMUTABLE,true,b6b24020289a5857f4003d9351751e351cc35b3ac931289180c846f6646cb277,b5e5ae6d12b33663fb1aa40ae2184ddafb793fa7aa422d9e7af2d4759af631ad,CHECKSUM_MISMATCH,f97dcbc3ecfbc19a130c4dbafef6cb7def9c3eb8
services/dsh/database/migrations/manifest.json,dsh,69,dsh-061_coupon_fail_closed_until_checkout_engine.sql,HISTORICAL_IMMUTABLE,true,42e8a19fe7ccc56503698f248c8ab4436ed7d38393058cf4cd0a9eabb859d7c0,b7bd02199f0b965dc2e331af796809817bf737fbec7d8125bf6fd47cd00e84ff,CHECKSUM_MISMATCH,f97dcbc3ecfbc19a130c4dbafef6cb7def9c3eb8
services/dsh/database/migrations/manifest.json,dsh,70,dsh-062_checkout_coupon_pricing_engine.sql,HISTORICAL_IMMUTABLE,true,612169fbd2b9acb9165c7958c7b2324840ad25f70dec502ed1ebb44238b6a8bf,b41f4a4e2708fcea871b7a42bdfec6ec8427b232ced675eaa1fc5988e138e04e,CHECKSUM_MISMATCH,f97dcbc3ecfbc19a130c4dbafef6cb7def9c3eb8
services/dsh/database/migrations/manifest.json,dsh,71,dsh-063_marketing_commercial_program_guards.sql,HISTORICAL_IMMUTABLE,true,89c038d558e3de55c634cb0786bed9d370aafbaba1856cf651866da27de8ebce,329d9c8d1a6fa3ece8cf235695ce7a631205088fa01f97e7590030ac1cc5defb,CHECKSUM_MISMATCH,f97dcbc3ecfbc19a130c4dbafef6cb7def9c3eb8
services/dsh/database/migrations/manifest.json,dsh,72,dsh-064_subscription_wlt_reference_uniqueness.sql,HISTORICAL_IMMUTABLE,true,072fcf95cff75eb525763f08d0498f2d67ae899574c401079b630f9e0f43298c,87ff8331a72e3b36d95e40a55be28d8216858bde3fc6ff63afae9d6f54230870,CHECKSUM_MISMATCH,f97dcbc3ecfbc19a130c4dbafef6cb7def9c3eb8
services/dsh/database/migrations/manifest.json,dsh,73,dsh-065_store_delivery_pricing.sql,HISTORICAL_IMMUTABLE,true,4c54895276fc7bce9d18e15aa1c7c1b1c9cda6a2057d1fa275a193ca60beafac,75a0f752990a6a89afdbb0bdf5c8b54ca32df5ca606de33341b9da58cef0cc40,CHECKSUM_MISMATCH,f97dcbc3ecfbc19a130c4dbafef6cb7def9c3eb8
services/dsh/database/migrations/manifest.json,dsh,74,dsh-066_subscription_purchases.sql,HISTORICAL_IMMUTABLE,true,bd569494b124f79619106deadf6f37aaac7b6426c689b89fb5f62d909fbba2ec,bd569494b124f79619106deadf6f37aaac7b6426c689b89fb5f62d909fbba2ec,PASS,f97dcbc3ecfbc19a130c4dbafef6cb7def9c3eb8
services/dsh/database/migrations/manifest.json,dsh,75,dsh-067_loyalty_outbox_and_policy.sql,HISTORICAL_IMMUTABLE,true,65615edb3f1bdcb450defde7008ff73c711eafe0cb2ea2be15ea256fe98a7be3,bd79fb57edf6c1d45ee01e60dba5709d1a16ab5a917a0fa236625bccd78bcd48,CHECKSUM_MISMATCH,f97dcbc3ecfbc19a130c4dbafef6cb7def9c3eb8
services/dsh/database/migrations/manifest.json,dsh,76,dsh-068_coupon_funding_policy.sql,HISTORICAL_IMMUTABLE,true,b344920549ebb93c93454a963a014d882bdb7d71b74c4b122f86cca461cb0803,b344920549ebb93c93454a963a014d882bdb7d71b74c4b122f86cca461cb0803,PASS,f97dcbc3ecfbc19a130c4dbafef6cb7def9c3eb8
services/dsh/database/migrations/manifest.json,dsh,77,dsh-069_promotion_funding_outbox.sql,HISTORICAL_IMMUTABLE,true,1e5cb4ad4aa9fd335aeceaef57fcb34c2eb1baeb153fa381af10928365c62b03,1e5cb4ad4aa9fd335aeceaef57fcb34c2eb1baeb153fa381af10928365c62b03,PASS,f97dcbc3ecfbc19a130c4dbafef6cb7def9c3eb8
services/dsh/database/migrations/manifest.json,dsh,78,dsh-070_refund_commercial_reversal.sql,HISTORICAL_IMMUTABLE,true,06189bac362a2f7e02bae35d38b852ba23c14420091059b430c61210a27e4817,06189bac362a2f7e02bae35d38b852ba23c14420091059b430c61210a27e4817,PASS,f97dcbc3ecfbc19a130c4dbafef6cb7def9c3eb8
services/dsh/database/migrations/manifest.json,dsh,79,dsh-071_loyalty_refund_race_closure.sql,HISTORICAL_IMMUTABLE,true,437c440ac1b911538af331d268c92627c2368f1e41f4f959ba8ba3aa4fde632c,437c440ac1b911538af331d268c92627c2368f1e41f4f959ba8ba3aa4fde632c,PASS,f97dcbc3ecfbc19a130c4dbafef6cb7def9c3eb8
services/dsh/database/migrations/manifest.json,dsh,80,dsh-072_coupon_funding_transition_triggers.sql,HISTORICAL_IMMUTABLE,true,7a7663c29f01e8f2efdf84677857bc491d39c65be92f182178528e63256eded5,7a7663c29f01e8f2efdf84677857bc491d39c65be92f182178528e63256eded5,PASS,f97dcbc3ecfbc19a130c4dbafef6cb7def9c3eb8
services/dsh/database/migrations/manifest.json,dsh,81,dsh-073_checkout_operator_context_lock.sql,HISTORICAL_IMMUTABLE,true,eec8af58e2dc807d47781589717415d7436602c72c3bd1494fb6b8cc6d9fe223,eec8af58e2dc807d47781589717415d7436602c72c3bd1494fb6b8cc6d9fe223,PASS,f97dcbc3ecfbc19a130c4dbafef6cb7def9c3eb8
services/dsh/database/migrations/manifest.json,dsh,82,dsh-074_delivery_pricing_governance.sql,HISTORICAL_IMMUTABLE,true,3dc2c81aea8a5676aa7ce595f5910abc3fbca6173129241cbd527ad7d2b4e9c4,9cb52279a4610688538c4b5497fed6c873573b03eb67d3e3e1784340de14167b,CHECKSUM_MISMATCH,f97dcbc3ecfbc19a130c4dbafef6cb7def9c3eb8
services/dsh/database/migrations/manifest.json,dsh,83,dsh-075_coupon_funding_ownership_audit.sql,HISTORICAL_IMMUTABLE,true,9bc0f0b071b230be0acd568edf4bcdc9857811032817b5e158b32d50c295e250,9bc0f0b071b230be0acd568edf4bcdc9857811032817b5e158b32d50c295e250,PASS,f97dcbc3ecfbc19a130c4dbafef6cb7def9c3eb8
services/dsh/database/migrations/manifest.json,dsh,84,dsh-076_admin_role_assignment_approvals.sql,HISTORICAL_IMMUTABLE,true,119108e2c53b6a979e828fda0c75415f4eb5d231875b1309d4b2b5f32eef9583,119108e2c53b6a979e828fda0c75415f4eb5d231875b1309d4b2b5f32eef9583,PASS,f97dcbc3ecfbc19a130c4dbafef6cb7def9c3eb8
services/dsh/database/migrations/manifest.json,dsh,85,dsh-076_service_area_geofences.sql,HISTORICAL_IMMUTABLE,true,22be8dfc642596372a218ae819f5e9ef4e8d0dccd6f9575c54122bd0c2f0a1ef,74c226414dc3314987f34ecee790e1530bebfaba6607604f7559eeb2576bf44a,CHECKSUM_MISMATCH,f97dcbc3ecfbc19a130c4dbafef6cb7def9c3eb8
services/dsh/database/migrations/manifest.json,dsh,86,dsh-077_admin_role_permissions.sql,HISTORICAL_IMMUTABLE,true,c3bbd4ffe812367e138a46f389be4fee16102ac3d23d8a36a96e838909b4e77a,c3bbd4ffe812367e138a46f389be4fee16102ac3d23d8a36a96e838909b4e77a,PASS,f97dcbc3ecfbc19a130c4dbafef6cb7def9c3eb8
services/dsh/database/migrations/manifest.json,dsh,87,dsh-077_platform_operational_policies.sql,HISTORICAL_IMMUTABLE,true,84dfcb377655e1bb2168a7426a9da78b6b26022a4ae98de2df43f0d431c19232,62f754e27c81b5fe389392f8214da95d79ef7bd1af0305fa4fafb33be9b0fcf4,CHECKSUM_MISMATCH,f97dcbc3ecfbc19a130c4dbafef6cb7def9c3eb8
services/dsh/database/migrations/manifest.json,dsh,88,dsh-077z_privacy_crypto_prerequisite.sql,HISTORICAL_IMMUTABLE,true,e7dd51778b5b7849290c93ad132e6a7de017298e964d70a918a877e77c82b21c,e9fbbdda6d833e5022041a6eda8e5db0d9cb647bf8f56d5c088f26c0ecbe73fb,CHECKSUM_MISMATCH,f97dcbc3ecfbc19a130c4dbafef6cb7def9c3eb8
services/dsh/database/migrations/manifest.json,dsh,89,dsh-078_admin_role_definition_approvals.sql,HISTORICAL_IMMUTABLE,true,5c1a1cd6e3b179eda71a9a415f1863ce0f124f2f7240e799d546010aeafc246b,5c1a1cd6e3b179eda71a9a415f1863ce0f124f2f7240e799d546010aeafc246b,PASS,f97dcbc3ecfbc19a130c4dbafef6cb7def9c3eb8
services/dsh/database/migrations/manifest.json,dsh,90,dsh-078_client_address_pii_governance.sql,HISTORICAL_IMMUTABLE,true,6144f302485f15933b07506dc40ac4025d7d599d41a03f3ee7ba2fcdf761b982,a8bfe5987c6ebfc11b59c334140986c11e13b389dc07cafc4f5dc9eddd057bd5,CHECKSUM_MISMATCH,f97dcbc3ecfbc19a130c4dbafef6cb7def9c3eb8
services/dsh/database/migrations/manifest.json,dsh,91,dsh-079_admin_role_assignment_revocations.sql,HISTORICAL_IMMUTABLE,true,fb96bbb023a677d9d33307684ea4fab4b14109d10b473ced07ee5890337f3f39,fb96bbb023a677d9d33307684ea4fab4b14109d10b473ced07ee5890337f3f39,PASS,f97dcbc3ecfbc19a130c4dbafef6cb7def9c3eb8
services/dsh/database/migrations/manifest.json,dsh,92,dsh-079_dispatch_assignment_governance.sql,HISTORICAL_IMMUTABLE,true,45bafab46a64d0bbbe6414cf1ae9394fdc17e204b96794e320d33f779ccbb487,45bafab46a64d0bbbe6414cf1ae9394fdc17e204b96794e320d33f779ccbb487,PASS,f97dcbc3ecfbc19a130c4dbafef6cb7def9c3eb8
services/dsh/database/migrations/manifest.json,dsh,93,dsh-079_privacy_crypto_prerequisite.sql,HISTORICAL_IMMUTABLE,true,871854bc206fb7819e722a0b01f06218a6787d103fab76c2f2161fa38d55d3b9,770d7afd796f2a216bafdf72e037c9a8b2ab7e53c11d86fe2f0ba8bbc7c5d718,CHECKSUM_MISMATCH,f97dcbc3ecfbc19a130c4dbafef6cb7def9c3eb8
services/dsh/database/migrations/manifest.json,dsh,94,dsh-080_admin_support_session_approvals.sql,HISTORICAL_IMMUTABLE,true,5a263208bdfb7c597150c0424febc24640907feb3775bf456c6d7351468530a7,5a263208bdfb7c597150c0424febc24640907feb3775bf456c6d7351468530a7,PASS,f97dcbc3ecfbc19a130c4dbafef6cb7def9c3eb8
services/dsh/database/migrations/manifest.json,dsh,95,dsh-080_platform_capacity_version_upgrade.sql,HISTORICAL_IMMUTABLE,true,06863784fe23a86f1575578e250c90146759c19820c23789f1df218a732da000,9216d295bad835e3a1f6faf683f158bbed34c625c50e16535e9ff3c5a44009ef,CHECKSUM_MISMATCH,f97dcbc3ecfbc19a130c4dbafef6cb7def9c3eb8
services/dsh/database/migrations/manifest.json,dsh,96,dsh-081_client_address_subject_anonymization.sql,HISTORICAL_IMMUTABLE,true,c47a01e01a42e8eb205a2f6db52736f8a33c933a6fcd17df46be16ca9cc20d01,9d0da42d3412e040cfee243481a4ae6a1653c1870333a07db4e3f6bf57cc880e,CHECKSUM_MISMATCH,f97dcbc3ecfbc19a130c4dbafef6cb7def9c3eb8
services/dsh/database/migrations/manifest.json,dsh,97,dsh-082_client_address_privacy_reschedule.sql,HISTORICAL_IMMUTABLE,true,b32cf21e518ec0e1150c04c2728137790cb5a341170b2672b45248b8b109a50b,0de48c0b55ede44b8c7ebb98b812f93b50061468997db71c959e6281ec9c1cac,CHECKSUM_MISMATCH,f97dcbc3ecfbc19a130c4dbafef6cb7def9c3eb8
services/dsh/database/migrations/manifest.json,dsh,98,dsh-083_privacy_policy_batch_default.sql,HISTORICAL_IMMUTABLE,true,8b3ffdbbeca3f8ca0f74765d6b94e0e6bd45b5e0f8db839f2df26bdcdb73991a,2f3b2cdb999e901f68f63219dfbaa1848245b38cab7fb4ecd1e634081a616689,CHECKSUM_MISMATCH,f97dcbc3ecfbc19a130c4dbafef6cb7def9c3eb8
services/dsh/database/migrations/manifest.json,dsh,99,dsh-084_partner_team_action_audit_context.sql,HISTORICAL_IMMUTABLE,true,dfe65897b88b53d4a5e6f91b47bd5551bccf19054d9f84b82016e22138f5c088,5118c05e9692a7298d14412d3f58714283fb59b31291faf0aab31ad34bedb178,CHECKSUM_MISMATCH,f97dcbc3ecfbc19a130c4dbafef6cb7def9c3eb8
services/dsh/database/migrations/manifest.json,dsh,100,dsh-085_wlt_outbox_operator_context_context.sql,HISTORICAL_IMMUTABLE,true,91f5e75a7f85b03e51de20291a601147c8e61580da8fe3a22d8a68b15460b0e2,91f5e75a7f85b03e51de20291a601147c8e61580da8fe3a22d8a68b15460b0e2,PASS,f97dcbc3ecfbc19a130c4dbafef6cb7def9c3eb8
services/dsh/database/migrations/manifest.json,dsh,101,dsh-086_partner_catalog_vertical_taxonomy.sql,HISTORICAL_IMMUTABLE,true,b70f3d434f24af83d259e473fd423cdd52e678f34231ffa114300d58ec8dcb93,441d26956cb14906a22b30fc267675100c0e0f0b8e25a0d5aa30e5a9a10174e4,CHECKSUM_MISMATCH,f97dcbc3ecfbc19a130c4dbafef6cb7def9c3eb8
services/dsh/database/migrations/manifest.json,dsh,102,dsh-087_loyalty_outbox_operator_context_context.sql,HISTORICAL_IMMUTABLE,true,45abe81f33389ce680dbea8e56c56decfa116794a093376f80a2d34caebca83a,45abe81f33389ce680dbea8e56c56decfa116794a093376f80a2d34caebca83a,PASS,f97dcbc3ecfbc19a130c4dbafef6cb7def9c3eb8
services/dsh/database/migrations/manifest.json,dsh,103,dsh-088_notification_delivery_policy.sql,HISTORICAL_IMMUTABLE,true,0547e1e0647d3addea25c8b96ca4346be98ec11983e54565613053ff23f7df2e,0547e1e0647d3addea25c8b96ca4346be98ec11983e54565613053ff23f7df2e,PASS,f97dcbc3ecfbc19a130c4dbafef6cb7def9c3eb8
services/dsh/database/migrations/manifest.json,dsh,104,dsh-088_partner_team_action_runtime_audit.sql,HISTORICAL_IMMUTABLE,true,0161465845a471ac00cfa6622bceea77e4e6a4ed1435c6ab194bc691769e1b45,9514bd1edb9dd1fb3816c60b94edda4da964003b8321790f4e458ee353dd36e2,CHECKSUM_MISMATCH,f97dcbc3ecfbc19a130c4dbafef6cb7def9c3eb8
services/dsh/database/migrations/manifest.json,dsh,105,dsh-089_store_team_actor_scope_uniqueness.sql,HISTORICAL_IMMUTABLE,true,44f11c86bda8105b49d4c8e01d79b04941ac1aeb73edba7b95419bdd371455ae,3c334a709c3489686d63d0f417c9a607a4b16620b07509e837315362f79114bb,CHECKSUM_MISMATCH,f97dcbc3ecfbc19a130c4dbafef6cb7def9c3eb8
services/dsh/database/migrations/manifest.json,dsh,106,dsh-089_wlt_collector_actor.sql,HISTORICAL_IMMUTABLE,true,85c4fcf92ed692dd8e038938381fd7c58d36600ce3f36742b024a982a7816493,85c4fcf92ed692dd8e038938381fd7c58d36600ce3f36742b024a982a7816493,PASS,f97dcbc3ecfbc19a130c4dbafef6cb7def9c3eb8
services/dsh/database/migrations/manifest.json,dsh,107,dsh-090_checkout_unknown_outcome_reconciliation.sql,HISTORICAL_IMMUTABLE,true,2f520fc99672e2b5892e7dcc6fca7f146673e03a329811f78880e0e966195131,2f520fc99672e2b5892e7dcc6fca7f146673e03a329811f78880e0e966195131,PASS,f97dcbc3ecfbc19a130c4dbafef6cb7def9c3eb8
services/dsh/database/migrations/manifest.json,dsh,108,dsh-090_order_cancellation_refund_lifecycle.sql,HISTORICAL_IMMUTABLE,true,c6567030e3fdfa598d46b799080b00a26c57e0e71dd7210ec1e7e7f6af7f61e9,c6567030e3fdfa598d46b799080b00a26c57e0e71dd7210ec1e7e7f6af7f61e9,PASS,f97dcbc3ecfbc19a130c4dbafef6cb7def9c3eb8
services/dsh/database/migrations/manifest.json,dsh,109,dsh-091_pickup_cancellation_state.sql,HISTORICAL_IMMUTABLE,true,f44791e7e81147e04bed40b7ce467eb735b52de5a80aa3d062a0c0de4ca3893d,ddaee4d56274e27231b83879cf9ce76c3e8da9811bd4363ef5f4e06df4c1f8d2,CHECKSUM_MISMATCH,f97dcbc3ecfbc19a130c4dbafef6cb7def9c3eb8
services/dsh/database/migrations/manifest.json,dsh,110,dsh-092_delivery_exception_lifecycle.sql,HISTORICAL_IMMUTABLE,true,4d15affa101deaf53ad71b29fa9b2d92e46244041430aa7507e0fd5b96cc0516,4d15affa101deaf53ad71b29fa9b2d92e46244041430aa7507e0fd5b96cc0516,PASS,f97dcbc3ecfbc19a130c4dbafef6cb7def9c3eb8
services/dsh/database/migrations/manifest.json,dsh,111,dsh-093_delivery_return_lifecycle.sql,HISTORICAL_IMMUTABLE,true,904bb909be047ad7a0b0800c99fcead82c33909ef9f82bc4c243dc7319b23bee,e813f9c168fec617c3afc51219556b4544af9a4371d839de06ab73d42d589868,CHECKSUM_MISMATCH,f97dcbc3ecfbc19a130c4dbafef6cb7def9c3eb8
services/dsh/database/migrations/manifest.json,dsh,112,dsh-094_delivery_return_partner_receipt.sql,HISTORICAL_IMMUTABLE,true,f91fe8ca637d7c4e1f8bd1b390046766565b0d9c109866fd8aa7576a3ef01381,204441aa237cc9ae1e16e46238a3001dd5fc7bb064f44d7cdb32263420192000,CHECKSUM_MISMATCH,f97dcbc3ecfbc19a130c4dbafef6cb7def9c3eb8
services/dsh/database/migrations/manifest.json,dsh,113,dsh-094_pickup_mutation_commands.sql,HISTORICAL_IMMUTABLE,true,aa6e9a7bcde4e1897189db03fc01e26395e32c4b10fab06f7e5e45499790ecd7,aa6e9a7bcde4e1897189db03fc01e26395e32c4b10fab06f7e5e45499790ecd7,PASS,f97dcbc3ecfbc19a130c4dbafef6cb7def9c3eb8
services/dsh/database/migrations/manifest.json,dsh,114,dsh-095_order_preparation_timing.sql,HISTORICAL_IMMUTABLE,true,e79b614fa4d207f2d69b441f8278c05ea2cac6cc2bd2ee50272433f506ee822a,b10bb2e175c5f34bde61d0769b4eed878d4173609dc869fa187cd8e1a403d74f,CHECKSUM_MISMATCH,f97dcbc3ecfbc19a130c4dbafef6cb7def9c3eb8
services/dsh/database/migrations/manifest.json,dsh,115,dsh-095_store_captain_outbound_handoff.sql,HISTORICAL_IMMUTABLE,true,45a2ef6b608fa58b9069ec14c9dabc186a9a35cc3e77ca6116913126d06e380a,6530cbca5187c4c103a5cab9957f0fa378e2df4308fd2faf078175c5f10e963a,CHECKSUM_MISMATCH,f97dcbc3ecfbc19a130c4dbafef6cb7def9c3eb8
services/dsh/database/migrations/manifest.json,dsh,116,dsh-096_cart_slice_closure.sql,HISTORICAL_IMMUTABLE,true,64bfb6412a0b4eddf22d5105e16f184e2b0f4cdfea673371fff811f4df7374d6,64bfb6412a0b4eddf22d5105e16f184e2b0f4cdfea673371fff811f4df7374d6,PASS,f97dcbc3ecfbc19a130c4dbafef6cb7def9c3eb8
services/dsh/database/migrations/manifest.json,dsh,117,dsh-096_delivery_proof_media_integrity.sql,HISTORICAL_IMMUTABLE,true,9e36e182ce171c5c6af8357951582ae400aa0826ce1d1a3e316e4fc1cc07d425,9e36e182ce171c5c6af8357951582ae400aa0826ce1d1a3e316e4fc1cc07d425,PASS,f97dcbc3ecfbc19a130c4dbafef6cb7def9c3eb8
services/dsh/database/migrations/manifest.json,dsh,118,dsh-096_special_request_information_exchange.sql,HISTORICAL_IMMUTABLE,true,cbc12494986f6b2e5f19d8384e8f33240496a91623610f5b81f763536e250a99,cbc12494986f6b2e5f19d8384e8f33240496a91623610f5b81f763536e250a99,PASS,f97dcbc3ecfbc19a130c4dbafef6cb7def9c3eb8
services/dsh/database/migrations/manifest.json,dsh,119,dsh-096_store_captain_handoff_reassignment.sql,HISTORICAL_IMMUTABLE,true,3426a285ef3725388266c9890183e97f51cc249c9e922f4424e2cdca8d000885,3426a285ef3725388266c9890183e97f51cc249c9e922f4424e2cdca8d000885,PASS,f97dcbc3ecfbc19a130c4dbafef6cb7def9c3eb8
services/dsh/database/migrations/manifest.json,dsh,120,dsh-096_support_message_delivery.sql,HISTORICAL_IMMUTABLE,true,6564b46787c1ee8a1855330d08e5b062d3f2803140ad4f6218b95935c538ffdf,6564b46787c1ee8a1855330d08e5b062d3f2803140ad4f6218b95935c538ffdf,PASS,f97dcbc3ecfbc19a130c4dbafef6cb7def9c3eb8
services/dsh/database/migrations/manifest.json,dsh,121,dsh-097_cart_currency_snapshot.sql,HISTORICAL_IMMUTABLE,true,f08311bb5de728b94e81108049497c054ec28a7d1f990b8e6dc8dbd0e23e87fc,f08311bb5de728b94e81108049497c054ec28a7d1f990b8e6dc8dbd0e23e87fc,PASS,f97dcbc3ecfbc19a130c4dbafef6cb7def9c3eb8
services/dsh/database/migrations/manifest.json,dsh,122,dsh-097_dispatch_location_integrity.sql,HISTORICAL_IMMUTABLE,true,e0c080a90412033f7b14ef4ac0c578560a8264c0e3a82dcb703d840859224e7d,e0c080a90412033f7b14ef4ac0c578560a8264c0e3a82dcb703d840859224e7d,PASS,f97dcbc3ecfbc19a130c4dbafef6cb7def9c3eb8
services/dsh/database/migrations/manifest.json,dsh,123,dsh-097_notification_delivery_audit.sql,HISTORICAL_IMMUTABLE,true,8eead4f73e50afaae2a0bc3552352a33e99801c7f1a034e0b0233e8b1555efd4,8eead4f73e50afaae2a0bc3552352a33e99801c7f1a034e0b0233e8b1555efd4,PASS,f97dcbc3ecfbc19a130c4dbafef6cb7def9c3eb8
services/dsh/database/migrations/manifest.json,dsh,124,dsh-097_special_request_delivery_exceptions.sql,HISTORICAL_IMMUTABLE,true,afb9a8a4bd7d6fd2f60fb97e848774e8b3caf4976f0f3583802a0e616df3d32e,afb9a8a4bd7d6fd2f60fb97e848774e8b3caf4976f0f3583802a0e616df3d32e,PASS,f97dcbc3ecfbc19a130c4dbafef6cb7def9c3eb8
services/dsh/database/migrations/manifest.json,dsh,125,dsh-097_store_captain_handoff_exceptions.sql,HISTORICAL_IMMUTABLE,true,076f6035127160cd08a90f7fd2853d3a372508c038dcfbf7f25808c044dc4b43,076f6035127160cd08a90f7fd2853d3a372508c038dcfbf7f25808c044dc4b43,PASS,f97dcbc3ecfbc19a130c4dbafef6cb7def9c3eb8
services/dsh/database/migrations/manifest.json,dsh,126,dsh-098_home_discovery_targeting.sql,HISTORICAL_IMMUTABLE,true,6d5c40b9df524c8b8e3bf483e055ed4b77b5222be802a7de667c7781a4758128,6d5c40b9df524c8b8e3bf483e055ed4b77b5222be802a7de667c7781a4758128,PASS,f97dcbc3ecfbc19a130c4dbafef6cb7def9c3eb8
services/dsh/database/migrations/manifest.json,dsh,127,dsh-098_incident_governance.sql,HISTORICAL_IMMUTABLE,true,cfa436c7056b19d0beee9d9efe9057939fc22b3878c21566617deb7764fe2ccc,cfa436c7056b19d0beee9d9efe9057939fc22b3878c21566617deb7764fe2ccc,PASS,f97dcbc3ecfbc19a130c4dbafef6cb7def9c3eb8
services/dsh/database/migrations/manifest.json,dsh,128,dsh-098_order_item_currency_snapshot.sql,HISTORICAL_IMMUTABLE,true,82b51797eae420de30a2c83d51a9c7f894b11e397f06e88afd116fb93dbdd127,82b51797eae420de30a2c83d51a9c7f894b11e397f06e88afd116fb93dbdd127,PASS,f97dcbc3ecfbc19a130c4dbafef6cb7def9c3eb8
services/dsh/database/migrations/manifest.json,dsh,129,dsh-098_partner_onboarding_integrity.sql,HISTORICAL_IMMUTABLE,true,a2f117c5302dfe8b339d32d2cb3607f493ae7adb2db1893d8390103156c279cc,a2f117c5302dfe8b339d32d2cb3607f493ae7adb2db1893d8390103156c279cc,PASS,f97dcbc3ecfbc19a130c4dbafef6cb7def9c3eb8
services/dsh/database/migrations/manifest.json,dsh,130,dsh-098_provider_ratings.sql,HISTORICAL_IMMUTABLE,true,9c1066bb5cc56b836b478dfc84c5846b116dc555f53f608b9b8f47fbfc9c56bf,9c1066bb5cc56b836b478dfc84c5846b116dc555f53f608b9b8f47fbfc9c56bf,PASS,f97dcbc3ecfbc19a130c4dbafef6cb7def9c3eb8
services/dsh/database/migrations/manifest.json,dsh,131,dsh-098_store_governance_closure.sql,HISTORICAL_IMMUTABLE,true,1afb681d7a09675ea0fd1c3d836774350882cb3a479fc8ef92e29b50f6b26764,1afb681d7a09675ea0fd1c3d836774350882cb3a479fc8ef92e29b50f6b26764,PASS,f97dcbc3ecfbc19a130c4dbafef6cb7def9c3eb8
services/dsh/database/migrations/manifest.json,dsh,132,dsh-099_captain_dispatch_financial_eligibility.sql,HISTORICAL_IMMUTABLE,true,964c587efb4137fce30955a854259bb6f652c9fe2855cb12c7d32b3ac16f256f,964c587efb4137fce30955a854259bb6f652c9fe2855cb12c7d32b3ac16f256f,PASS,f97dcbc3ecfbc19a130c4dbafef6cb7def9c3eb8
services/dsh/database/migrations/manifest.json,dsh,133,dsh-099_home_marketing_impression_dedup.sql,HISTORICAL_IMMUTABLE,true,b36b7c137e7d6bc998487bd6a311063c1cec26aff81db8c6eb8aaaf89493758e,b36b7c137e7d6bc998487bd6a311063c1cec26aff81db8c6eb8aaaf89493758e,PASS,f97dcbc3ecfbc19a130c4dbafef6cb7def9c3eb8
services/dsh/database/migrations/manifest.json,dsh,134,dsh-099_order_rescue.sql,HISTORICAL_IMMUTABLE,true,38c09b886cc6a03e8e5f57e17cc0b6f7e3fd0e865ef676e107e8b80c59b0103f,38c09b886cc6a03e8e5f57e17cc0b6f7e3fd0e865ef676e107e8b80c59b0103f,PASS,f97dcbc3ecfbc19a130c4dbafef6cb7def9c3eb8
services/dsh/database/migrations/manifest.json,dsh,135,dsh-099_partner_onboarding_audit_retention.sql,HISTORICAL_IMMUTABLE,true,34e13865e54d38d2bd7d99ff87c214f7dc0c0dd4c7e83c3e08039a74878187e8,34e13865e54d38d2bd7d99ff87c214f7dc0c0dd4c7e83c3e08039a74878187e8,PASS,f97dcbc3ecfbc19a130c4dbafef6cb7def9c3eb8
services/dsh/database/migrations/manifest.json,dsh,136,dsh-101_marketing_lifecycle.sql,HISTORICAL_IMMUTABLE,true,806d42f5fddf332e7abd2173366389c792fe59ca06c1af39766428f2e43ca36e,806d42f5fddf332e7abd2173366389c792fe59ca06c1af39766428f2e43ca36e,PASS,f97dcbc3ecfbc19a130c4dbafef6cb7def9c3eb8
services/dsh/database/migrations/manifest.json,dsh,137,dsh-101_partner_wlt_outbox_reconciliation.sql,HISTORICAL_IMMUTABLE,true,8fbd231a7e10d3bc4c9d754c7b4144b022aef4eb2baa1e4a7d3554ef6c34e423,8fbd231a7e10d3bc4c9d754c7b4144b022aef4eb2baa1e4a7d3554ef6c34e423,PASS,f97dcbc3ecfbc19a130c4dbafef6cb7def9c3eb8
services/dsh/database/migrations/manifest.json,dsh,138,dsh-102_support_message_media_runtime.sql,HISTORICAL_IMMUTABLE,true,ed47c381027afe353c836135cdb8ec11e9055004e096dfa77bd46e5d7afe160d,ed47c381027afe353c836135cdb8ec11e9055004e096dfa77bd46e5d7afe160d,PASS,f97dcbc3ecfbc19a130c4dbafef6cb7def9c3eb8
services/dsh/database/migrations/manifest.json,dsh,139,dsh-103_partner_operator_context_isolation.sql,HISTORICAL_IMMUTABLE,true,149d96439c84007725de48ff4560b25b443bf471afbcf38ef613b5624bcaa91c,149d96439c84007725de48ff4560b25b443bf471afbcf38ef613b5624bcaa91c,PASS,f97dcbc3ecfbc19a130c4dbafef6cb7def9c3eb8
services/dsh/database/migrations/manifest.json,dsh,140,dsh-103_subscription_lifecycle.sql,HISTORICAL_IMMUTABLE,true,22b802bc101d9c64b33dbc729b1941a2699737d3fa8d1e7481e07bea71b89b54,22b802bc101d9c64b33dbc729b1941a2699737d3fa8d1e7481e07bea71b89b54,PASS,f97dcbc3ecfbc19a130c4dbafef6cb7def9c3eb8
services/dsh/database/migrations/manifest.json,dsh,141,dsh-116_partner_delivery_command_idempotency_and_exception_evidence.sql,HISTORICAL_IMMUTABLE,true,57d84cedc74ce7567b88ec37674e72a8b759ddf659af44636aa714e1dd7283d0,57d84cedc74ce7567b88ec37674e72a8b759ddf659af44636aa714e1dd7283d0,PASS,f97dcbc3ecfbc19a130c4dbafef6cb7def9c3eb8
services/dsh/database/migrations/manifest.json,dsh,142,dsh-117_delivery_proof_completion.sql,HISTORICAL_IMMUTABLE,true,e4dd3c1545dc3de93ed07ae5fb75a7396dc9df25d7a8d76d33593d455c3ec105,e4dd3c1545dc3de93ed07ae5fb75a7396dc9df25d7a8d76d33593d455c3ec105,PASS,f97dcbc3ecfbc19a130c4dbafef6cb7def9c3eb8
services/dsh/database/migrations/manifest.json,dsh,143,dsh-118_delivery_proof_location_snapshot.sql,HISTORICAL_IMMUTABLE,true,153d73c56c472114f530bd782fcc2a9d51ba3a4f7aa8f349315c161a93a4ece3,153d73c56c472114f530bd782fcc2a9d51ba3a4f7aa8f349315c161a93a4ece3,PASS,f97dcbc3ecfbc19a130c4dbafef6cb7def9c3eb8
services/dsh/database/migrations/manifest.json,dsh,144,dsh-119_delivery_pin_hardening.sql,HISTORICAL_IMMUTABLE,true,00be8f43d309dc5afcdadd7911756572ba8cbc01f4898106d2ba7124e8abffee,00be8f43d309dc5afcdadd7911756572ba8cbc01f4898106d2ba7124e8abffee,PASS,f97dcbc3ecfbc19a130c4dbafef6cb7def9c3eb8
services/dsh/database/migrations/manifest.json,dsh,145,dsh-119_field_commission_partner_category.sql,HISTORICAL_IMMUTABLE,true,70e6f2b0d1b010b2429711a2fbfb4430f6df7123e5d56d490b1913ff986749e2,70e6f2b0d1b010b2429711a2fbfb4430f6df7123e5d56d490b1913ff986749e2,PASS,f97dcbc3ecfbc19a130c4dbafef6cb7def9c3eb8
services/dsh/database/migrations/manifest.json,dsh,146,dsh-120_provider_availability_capacity.sql,HISTORICAL_IMMUTABLE,true,52337b0c440f76b5cb517e05714ca29be8a63feb82d38395b30ae8a865f0d23f,52337b0c440f76b5cb517e05714ca29be8a63feb82d38395b30ae8a865f0d23f,PASS,f97dcbc3ecfbc19a130c4dbafef6cb7def9c3eb8
services/dsh/database/migrations/manifest.json,dsh,147,dsh-126_order_preparation_issues.sql,HISTORICAL_IMMUTABLE,true,a067b65526db4be7c944fb8f4ff220e29d232c76e2e99bd985826a4d14efebca,a067b65526db4be7c944fb8f4ff220e29d232c76e2e99bd985826a4d14efebca,PASS,f97dcbc3ecfbc19a130c4dbafef6cb7def9c3eb8
services/dsh/database/migrations/manifest.json,dsh,148,dsh-127_preparation_issue_item_binding.sql,HISTORICAL_IMMUTABLE,true,d70eaeca0ae4ee7221c28e4cfbfbee141db0211b473e2096a0e71ba227ee96c9,d70eaeca0ae4ee7221c28e4cfbfbee141db0211b473e2096a0e71ba227ee96c9,PASS,f97dcbc3ecfbc19a130c4dbafef6cb7def9c3eb8
services/dsh/database/migrations/manifest.json,dsh,149,dsh-128_preparation_issue_customer_decision.sql,HISTORICAL_IMMUTABLE,true,d5ae29a4fba97e70960061652a11358f9aa083f76464d3b5cb72ac7e6c47d7c4,d5ae29a4fba97e70960061652a11358f9aa083f76464d3b5cb72ac7e6c47d7c4,PASS,f97dcbc3ecfbc19a130c4dbafef6cb7def9c3eb8
services/dsh/database/migrations/manifest.json,dsh,150,dsh-129_operational_policy_closure.sql,HISTORICAL_IMMUTABLE,true,a9b485539d04c747640b825777ed5232885591ba4b950fe0c3ec425487065ee1,a9b485539d04c747640b825777ed5232885591ba4b950fe0c3ec425487065ee1,PASS,f97dcbc3ecfbc19a130c4dbafef6cb7def9c3eb8
services/dsh/database/migrations/manifest.json,dsh,151,dsh-129_order_preparation_alerts.sql,HISTORICAL_IMMUTABLE,true,3a0456edd1e8b64ebd5e1487c78d47f0432120c4200aebc28e21503ec39be891,3a0456edd1e8b64ebd5e1487c78d47f0432120c4200aebc28e21503ec39be891,PASS,f97dcbc3ecfbc19a130c4dbafef6cb7def9c3eb8
services/dsh/database/migrations/manifest.json,dsh,152,dsh-130_store_visibility_projection.sql,HISTORICAL_IMMUTABLE,true,0c8a9c60f8cb9180daf4870d8bda0c96ae23f22214a924b4b40f6075b926713c,0c8a9c60f8cb9180daf4870d8bda0c96ae23f22214a924b4b40f6075b926713c,PASS,f97dcbc3ecfbc19a130c4dbafef6cb7def9c3eb8
services/dsh/database/migrations/manifest.json,dsh,153,dsh-131_governed_administration_closure.sql,HISTORICAL_IMMUTABLE,true,283f96aeabf1b78285ee9511a9047150517304599a10cbfde81ccd0958f7b9c7,283f96aeabf1b78285ee9511a9047150517304599a10cbfde81ccd0958f7b9c7,PASS,f97dcbc3ecfbc19a130c4dbafef6cb7def9c3eb8
services/dsh/database/migrations/manifest.json,dsh,154,dsh-900_client_address_active_idempotency_recovery.sql,HISTORICAL_IMMUTABLE,true,6e6bfa54b2649055cf47eb74d1cd168ca5152838c9e5ead8442dfd9413a9cf0d,a9df7573eaab09283e68095f1e83deb1abcf151440472d90b074b0d342e3488f,CHECKSUM_MISMATCH,f97dcbc3ecfbc19a130c4dbafef6cb7def9c3eb8
services/dsh/database/migrations/manifest.json,dsh,155,dsh-901_checkout_create_idempotency.sql,HISTORICAL_IMMUTABLE,true,f33eba7480c723a7e3b4b44a760053b1445560d4ee45987e1095df6f0bafb10a,f33eba7480c723a7e3b4b44a760053b1445560d4ee45987e1095df6f0bafb10a,PASS,f97dcbc3ecfbc19a130c4dbafef6cb7def9c3eb8
services/dsh/database/migrations/manifest.json,dsh,156,dsh-901_client_address_logical_deduplication.sql,HISTORICAL_IMMUTABLE,true,e516d6ef438b5e428d6552278cd24ad45e1fd689865ca57f5d9ea00f7633a7dd,e516d6ef438b5e428d6552278cd24ad45e1fd689865ca57f5d9ea00f7633a7dd,PASS,f97dcbc3ecfbc19a130c4dbafef6cb7def9c3eb8
services/dsh/database/migrations/manifest.json,dsh,157,dsh-902_order_truth.sql,HISTORICAL_IMMUTABLE,true,4e06dd166b6d8a1eefd71d4f225948ad69144c46d3dce65cd866045e404e4a1f,4e06dd166b6d8a1eefd71d4f225948ad69144c46d3dce65cd866045e404e4a1f,PASS,f97dcbc3ecfbc19a130c4dbafef6cb7def9c3eb8
services/dsh/database/migrations/manifest.json,dsh,158,dsh-903_order_event_runtime.sql,HISTORICAL_IMMUTABLE,true,cb1f66482b35bef1b58fe15f44ed45a87c2fb93ef510a382926bb41a818db2da,cb1f66482b35bef1b58fe15f44ed45a87c2fb93ef510a382926bb41a818db2da,PASS,f97dcbc3ecfbc19a130c4dbafef6cb7def9c3eb8
services/dsh/database/migrations/manifest.json,dsh,159,dsh-904_order_item_currency_snapshot_closure.sql,HISTORICAL_IMMUTABLE,true,5e7c38af08d01d7af75512e86fddf05cb8e733633695af5415e079fbcdbe1415,5e7c38af08d01d7af75512e86fddf05cb8e733633695af5415e079fbcdbe1415,PASS,f97dcbc3ecfbc19a130c4dbafef6cb7def9c3eb8
services/dsh/database/migrations/manifest.json,dsh,160,dsh-904_order_truth_audit.sql,HISTORICAL_IMMUTABLE,true,3903a8d2caa33b80adde38e1f6c46630c016e427269c44a0343e81c4da17dc94,3903a8d2caa33b80adde38e1f6c46630c016e427269c44a0343e81c4da17dc94,PASS,f97dcbc3ecfbc19a130c4dbafef6cb7def9c3eb8
services/dsh/database/migrations/manifest.json,dsh,161,dsh-905_payment_projection_reconciliation.sql,HISTORICAL_IMMUTABLE,true,82e0cbb33ecc5ab806817636102146af12dbc8b6986bb4f4e486b44c952a2226,82e0cbb33ecc5ab806817636102146af12dbc8b6986bb4f4e486b44c952a2226,PASS,f97dcbc3ecfbc19a130c4dbafef6cb7def9c3eb8
services/dsh/database/migrations/manifest.json,dsh,162,dsh-906_client_address_geofence_binding.sql,HISTORICAL_IMMUTABLE,true,4814469c49133b30a3024c7ef9ccb3e64476ab850cef0d0998576817a0c99e4f,4814469c49133b30a3024c7ef9ccb3e64476ab850cef0d0998576817a0c99e4f,PASS,f97dcbc3ecfbc19a130c4dbafef6cb7def9c3eb8
services/dsh/database/migrations/manifest.json,dsh,163,dsh-907_address_mutation_receipts.sql,HISTORICAL_IMMUTABLE,true,c0475e9a62c2bc5b9f83dcc9329fb2d46af55b596f9a6dd29c66533848cb0474,c0475e9a62c2bc5b9f83dcc9329fb2d46af55b596f9a6dd29c66533848cb0474,PASS,f97dcbc3ecfbc19a130c4dbafef6cb7def9c3eb8
services/dsh/database/migrations/manifest.json,dsh,164,dsh-907_service_area_topology.sql,HISTORICAL_IMMUTABLE,true,4d21a22bda7fb4e3f982d629f7d670df640b584907cd476e6020e2cd00e6864d,4d21a22bda7fb4e3f982d629f7d670df640b584907cd476e6020e2cd00e6864d,PASS,f97dcbc3ecfbc19a130c4dbafef6cb7def9c3eb8
services/dsh/database/migrations/manifest.json,dsh,165,dsh-908_mutation_receipt_retention.sql,HISTORICAL_IMMUTABLE,true,9ecd41f4e1167ad538df28514cdd8fea940696741f61a7cc18dc2ddb18508eb6,9ecd41f4e1167ad538df28514cdd8fea940696741f61a7cc18dc2ddb18508eb6,PASS,f97dcbc3ecfbc19a130c4dbafef6cb7def9c3eb8
services/dsh/database/migrations/manifest.json,dsh,166,dsh-908_privacy_audit_projection.sql,HISTORICAL_IMMUTABLE,true,1b38dd684cbf34ffcaffb94636a28174e8453409f7f2b853d3b08a8e7a8b8188,1b38dd684cbf34ffcaffb94636a28174e8453409f7f2b853d3b08a8e7a8b8188,PASS,f97dcbc3ecfbc19a130c4dbafef6cb7def9c3eb8
services/dsh/database/migrations/manifest.json,dsh,167,dsh-909_manual_request_catalog_capabilities.sql,HISTORICAL_IMMUTABLE,true,a3215148ff8dd485098481c68e1416f8416534041473776f9e600bae6ca7f790,a3215148ff8dd485098481c68e1416f8416534041473776f9e600bae6ca7f790,PASS,f97dcbc3ecfbc19a130c4dbafef6cb7def9c3eb8
services/dsh/database/migrations/manifest.json,dsh,168,dsh-910_reel_presentation_metadata.sql,HISTORICAL_IMMUTABLE,true,a35b83a82d68a1d6b58b4e79981572894ac6317910690580ae49e88930eb7430,a35b83a82d68a1d6b58b4e79981572894ac6317910690580ae49e88930eb7430,PASS,f97dcbc3ecfbc19a130c4dbafef6cb7def9c3eb8
services/dsh/database/migrations/manifest.json,dsh,169,dsh-910_wlt_event_receipts.sql,HISTORICAL_IMMUTABLE,true,d3322b5b18807b9a96cb54c1f3945c471c8126cf24eb7541b0aee76d69a6e92d,d3322b5b18807b9a96cb54c1f3945c471c8126cf24eb7541b0aee76d69a6e92d,PASS,f97dcbc3ecfbc19a130c4dbafef6cb7def9c3eb8
services/dsh/database/migrations/manifest.json,dsh,170,dsh-911_reel_partner_scope_constraints.sql,HISTORICAL_IMMUTABLE,true,f08893fdb56b2a19324be1b625f90ab252867a030a797443b905775358edf031,f08893fdb56b2a19324be1b625f90ab252867a030a797443b905775358edf031,PASS,f97dcbc3ecfbc19a130c4dbafef6cb7def9c3eb8
services/dsh/database/migrations/manifest.json,dsh,171,dsh-930_catalog_slice_closure.sql,HISTORICAL_IMMUTABLE,true,e1bf4fc817b5a2c3e09804f9fb365418d69896c7575ef7a40dcab6462584321c,e1bf4fc817b5a2c3e09804f9fb365418d69896c7575ef7a40dcab6462584321c,PASS,f97dcbc3ecfbc19a130c4dbafef6cb7def9c3eb8
services/dsh/database/migrations/manifest.json,dsh,172,dsh-931_assortment_pause_restore.sql,HISTORICAL_IMMUTABLE,true,68ba44bce025ea16c38fa593217960a5f96d963e8315a1042e0735052268a739,68ba44bce025ea16c38fa593217960a5f96d963e8315a1042e0735052268a739,PASS,f97dcbc3ecfbc19a130c4dbafef6cb7def9c3eb8
services/dsh/database/migrations/manifest.json,dsh,173,dsh-932_audit_trigger_safety.sql,HISTORICAL_IMMUTABLE,true,aae7cdb486c78b5809e521a229f9c860fbc8036663a802e9f47ca279c60d3a98,aae7cdb486c78b5809e521a229f9c860fbc8036663a802e9f47ca279c60d3a98,PASS,f97dcbc3ecfbc19a130c4dbafef6cb7def9c3eb8
services/dsh/database/migrations/manifest.json,dsh,174,dsh-933_partner_fleet_action_audit.sql,HISTORICAL_IMMUTABLE,true,5576e6675cc57aca662a24c067d1c4def49424264dc3a47f258ae98aee18d9a8,5576e6675cc57aca662a24c067d1c4def49424264dc3a47f258ae98aee18d9a8,PASS,f97dcbc3ecfbc19a130c4dbafef6cb7def9c3eb8
services/dsh/database/migrations/manifest.json,dsh,175,dsh-950_catalog_approval_actor_scope.sql,HISTORICAL_IMMUTABLE,true,af05db4149d24c380fe464053dc1ea04b0b4ae96d0b19acb5bd9dde7c658bf71,af05db4149d24c380fe464053dc1ea04b0b4ae96d0b19acb5bd9dde7c658bf71,PASS,f97dcbc3ecfbc19a130c4dbafef6cb7def9c3eb8
services/dsh/database/migrations/manifest.json,dsh,176,dsh-951_catalog_approval_operator_context_scope.sql,HISTORICAL_IMMUTABLE,true,d680047173d51dfa8c1d8f362aee5625c452607d378fb21f2ab88890c46b3391,d680047173d51dfa8c1d8f362aee5625c452607d378fb21f2ab88890c46b3391,PASS,f97dcbc3ecfbc19a130c4dbafef6cb7def9c3eb8
services/dsh/database/migrations/manifest.json,dsh,177,dsh-952_partner_soft_archive.sql,HISTORICAL_IMMUTABLE,true,06dab655a1c877a1d4a6f272b506d467985ef127680c1dadf7ce424a6968d701,06dab655a1c877a1d4a6f272b506d467985ef127680c1dadf7ce424a6968d701,PASS,f97dcbc3ecfbc19a130c4dbafef6cb7def9c3eb8
services/dsh/database/migrations/manifest.json,dsh,178,dsh-953_partner_offers_store_id_text.sql,HISTORICAL_IMMUTABLE,true,6d8a98a8f6bd61aa62acb8dcb4bc70c0e6f29d00b3463b923bca456d32ea5666,6d8a98a8f6bd61aa62acb8dcb4bc70c0e6f29d00b3463b923bca456d32ea5666,PASS,f97dcbc3ecfbc19a130c4dbafef6cb7def9c3eb8
services/dsh/database/migrations/manifest.json,dsh,179,dsh-954_trusted_operator_context_session_context.sql,HISTORICAL_IMMUTABLE,true,50a55c2dee580aba6b759bed4a0f12d2929f9480e8cc69e6d9385007ce1e24d3,50a55c2dee580aba6b759bed4a0f12d2929f9480e8cc69e6d9385007ce1e24d3,PASS,f97dcbc3ecfbc19a130c4dbafef6cb7def9c3eb8
services/dsh/database/migrations/manifest.json,dsh,180,dsh-955_pickup_window_extension_policy.sql,HISTORICAL_IMMUTABLE,true,06cb0f9c7ecddaf29898df2d3f5fe3305849fca79cfc785fde2bd19a0615b13f,06cb0f9c7ecddaf29898df2d3f5fe3305849fca79cfc785fde2bd19a0615b13f,PASS,f97dcbc3ecfbc19a130c4dbafef6cb7def9c3eb8
services/dsh/database/migrations/manifest.json,dsh,181,dsh-956_operational_incident.sql,HISTORICAL_IMMUTABLE,true,0bdf5fdad82a515aeaf18790b4444cd8ff19c755909b255fce4b0239c01e87ac,0bdf5fdad82a515aeaf18790b4444cd8ff19c755909b255fce4b0239c01e87ac,PASS,f97dcbc3ecfbc19a130c4dbafef6cb7def9c3eb8
services/dsh/database/migrations/manifest.json,dsh,182,dsh-957_delivery_pickup_sla_alerts.sql,HISTORICAL_IMMUTABLE,true,adae6d58d26cb8029530e6cba88e5728e11b44f528472962693ed92534dd86d9,adae6d58d26cb8029530e6cba88e5728e11b44f528472962693ed92534dd86d9,PASS,f97dcbc3ecfbc19a130c4dbafef6cb7def9c3eb8
services/dsh/database/migrations/manifest.json,dsh,183,dsh-958_partner_workspace_store_ownership.sql,HISTORICAL_IMMUTABLE,true,e0c573d9b58ba95b44e5c3889b3904fc28700f532ec5e9c9c1edf5ae46eb6fe5,e0c573d9b58ba95b44e5c3889b3904fc28700f532ec5e9c9c1edf5ae46eb6fe5,PASS,f97dcbc3ecfbc19a130c4dbafef6cb7def9c3eb8
services/dsh/database/migrations/manifest.json,dsh,184,dsh-959_governed_partner_store_transfer.sql,HISTORICAL_IMMUTABLE,true,1254454c6a6a8d128cc12405e80e158d834d6613fd18bea97d1c49908a1e3ebc,1254454c6a6a8d128cc12405e80e158d834d6613fd18bea97d1c49908a1e3ebc,PASS,f97dcbc3ecfbc19a130c4dbafef6cb7def9c3eb8
services/dsh/database/migrations/manifest.json,dsh,185,dsh-960_field_readiness_mutation_idempotency.sql,HISTORICAL_IMMUTABLE,true,c56dd5e6ad992e1bdd0a4572ef5ba59fac1555eb54f3a11e3996c0523a425864,c56dd5e6ad992e1bdd0a4572ef5ba59fac1555eb54f3a11e3996c0523a425864,PASS,f97dcbc3ecfbc19a130c4dbafef6cb7def9c3eb8
services/dsh/database/migrations/manifest.json,dsh,186,dsh-961_field_readiness_operation_receipts.sql,HISTORICAL_IMMUTABLE,true,d9f1ee129343514e89af4a7ae7467179c827b0b8adc34787979763f9c19bf983,d9f1ee129343514e89af4a7ae7467179c827b0b8adc34787979763f9c19bf983,PASS,f97dcbc3ecfbc19a130c4dbafef6cb7def9c3eb8
services/dsh/database/migrations/manifest.json,dsh,187,dsh-962_platform_context_error_contract.sql,HISTORICAL_IMMUTABLE,true,83e1ac1bf0e81b6cdceedd383b5c1b106913756082af55dba9da4b83d58b3f7c,83e1ac1bf0e81b6cdceedd383b5c1b106913756082af55dba9da4b83d58b3f7c,PASS,f97dcbc3ecfbc19a130c4dbafef6cb7def9c3eb8
services/dsh/database/migrations/manifest.json,dsh,188,dsh-963_drop_partner_raw_bank_columns.sql,HISTORICAL_IMMUTABLE,true,b6a70d25c9dd7611562f4153f37df679b4f742993c9e5bc07174178f0fde8449,b6a70d25c9dd7611562f4153f37df679b4f742993c9e5bc07174178f0fde8449,PASS,f97dcbc3ecfbc19a130c4dbafef6cb7def9c3eb8
services/dsh/database/migrations/manifest.json,dsh,189,dsh-964_drop_dead_client_loyalty_tables.sql,HISTORICAL_IMMUTABLE,true,04cb323c8b3f28e35e5d6f3f17e13b307b84cddad7840b82479663cf1c87696b,04cb323c8b3f28e35e5d6f3f17e13b307b84cddad7840b82479663cf1c87696b,PASS,f97dcbc3ecfbc19a130c4dbafef6cb7def9c3eb8
services/dsh/database/migrations/manifest.json,dsh,190,dsh-965_drop_dead_client_subscriptions_table.sql,HISTORICAL_IMMUTABLE,true,5c4f67d35218850884673d7d05602af44162173e411eadcf1ace8d5bebcf5a42,5c4f67d35218850884673d7d05602af44162173e411eadcf1ace8d5bebcf5a42,PASS,f97dcbc3ecfbc19a130c4dbafef6cb7def9c3eb8
services/dsh/database/migrations/manifest.json,dsh,191,dsh-966_drop_dead_partner_brand.sql,HISTORICAL_IMMUTABLE,true,5f5ec6576242b881ce061af64d810571caacdf4595afd8b69222cb510de0e1c2,46b09fcb4f60f61c5121430b15e2c051713c43b48a8772cc59d74df24057f0b6,CHECKSUM_MISMATCH,f97dcbc3ecfbc19a130c4dbafef6cb7def9c3eb8
services/dsh/database/migrations/manifest.json,dsh,192,dsh-967_drop_dead_governance_tables.sql,HISTORICAL_IMMUTABLE,true,6a12c2f78d7d900215394d821b2199bf90fbafc516369417f6fa2a61bf28c4a1,6a12c2f78d7d900215394d821b2199bf90fbafc516369417f6fa2a61bf28c4a1,PASS,f97dcbc3ecfbc19a130c4dbafef6cb7def9c3eb8
services/dsh/database/migrations/manifest.json,dsh,193,dsh-968_cod_operator_context_isolation.sql,HISTORICAL_IMMUTABLE,true,bba1f4b6325d124238d6011d8cd0dbac33708804b8b405f45c5ba6879f686093,bba1f4b6325d124238d6011d8cd0dbac33708804b8b405f45c5ba6879f686093,PASS,f97dcbc3ecfbc19a130c4dbafef6cb7def9c3eb8
services/dsh/database/migrations/manifest.json,dsh,194,dsh-969_partner_team_manager_role.sql,HISTORICAL_IMMUTABLE,true,60892daab11086968129689bb794849fe491d4eb1602009b35943edcf1643c17,60892daab11086968129689bb794849fe491d4eb1602009b35943edcf1643c17,PASS,f97dcbc3ecfbc19a130c4dbafef6cb7def9c3eb8
services/dsh/database/migrations/manifest.json,dsh,195,dsh-970_service_area_effectivity_history.sql,HISTORICAL_IMMUTABLE,true,76b14767a2ad17eb9974592dfaf50ec70cca10074116a062687b075dbe8d4ae6,76b14767a2ad17eb9974592dfaf50ec70cca10074116a062687b075dbe8d4ae6,PASS,f97dcbc3ecfbc19a130c4dbafef6cb7def9c3eb8
services/dsh/database/migrations/manifest.json,dsh,196,dsh-971_partner_brand_schema_recovery.sql,ACTIVE,true,8a2932e788d47cce4e7f11c146ec46330cb80ae26e13b2c6e67f6b3dfe4551b1,8a2932e788d47cce4e7f11c146ec46330cb80ae26e13b2c6e67f6b3dfe4551b1,PASS,f97dcbc3ecfbc19a130c4dbafef6cb7def9c3eb8
services/wlt/database/migrations/manifest.extensions.json,wlt,67,wlt-905_dispatch_financial_eligibility_decisions.sql,ACTIVE,false,0bf33b301dc64f877a77877b1cf2b9bd408ecc96313f3d9a3c45bdbf5a3b5e4b,,MISSING_FILE,f97dcbc3ecfbc19a130c4dbafef6cb7def9c3eb8
services/wlt/database/migrations/manifest.json,wlt,1,wlt-000_financial_references.sql,HISTORICAL_IMMUTABLE,true,62864636531977d54d957597b4564dd27cdc4eeaeb7b0e132249c5f05c42ccbc,64a1bec63acf81e53521bb683ddc1fb1f46cc1d5cccc61af4aa95696159ce6fe,CHECKSUM_MISMATCH,f97dcbc3ecfbc19a130c4dbafef6cb7def9c3eb8
services/wlt/database/migrations/manifest.json,wlt,2,wlt-001_payment_sessions.sql,HISTORICAL_IMMUTABLE,true,2f2f900a2ffd1f8862ec7fca5ce81129d69a8bd50b9a1bc13492817b1aafd275,aa350f36c803d912b0e51874f9f4c0f93d3ccfb4c56f2db819f65b32c82bb07d,CHECKSUM_MISMATCH,f97dcbc3ecfbc19a130c4dbafef6cb7def9c3eb8
services/wlt/database/migrations/manifest.json,wlt,3,wlt-002_payment_capture.sql,HISTORICAL_IMMUTABLE,true,c5d9b5d55b58c9f46605233cb0bdd443a1eba5e96fb4b6250510e167c2ae9066,054ce28d52101bed8512f8db1335ffd1895f0bd87453ad2b9f134ca554a158e1,CHECKSUM_MISMATCH,f97dcbc3ecfbc19a130c4dbafef6cb7def9c3eb8
services/wlt/database/migrations/manifest.json,wlt,4,wlt-003_refunds.sql,HISTORICAL_IMMUTABLE,true,5d6a8894775d29b8115d80fa72da8cd97cacb6aa819e878165130ae989b93fc7,413b5b8d4b5e3ba3a4a2c64b8ad4af4b222a62d7ac6f66744b3532628476e2a7,CHECKSUM_MISMATCH,f97dcbc3ecfbc19a130c4dbafef6cb7def9c3eb8
services/wlt/database/migrations/manifest.json,wlt,5,wlt-004_settlements.sql,HISTORICAL_IMMUTABLE,true,07c2318fe784abb2ef135a260100733544a570a94a3ed0477d1bd552015ec5cf,9163e3958ae5c6cff38e928ab0c902707d031cc8368226e168462f696f9c84d8,CHECKSUM_MISMATCH,f97dcbc3ecfbc19a130c4dbafef6cb7def9c3eb8
services/wlt/database/migrations/manifest.json,wlt,6,wlt-005_cod.sql,HISTORICAL_IMMUTABLE,true,2051e51e21082ed7d35c4019cd827c437f2037415ce84ef4590b0922138db73e,f41cb77c281977844d8e2a28314e8858792db541990bcd102e865a50ce8d8dc5,CHECKSUM_MISMATCH,f97dcbc3ecfbc19a130c4dbafef6cb7def9c3eb8
services/wlt/database/migrations/manifest.json,wlt,7,wlt-006_ledger.sql,HISTORICAL_IMMUTABLE,true,afaac7564f1cec9ba04ec8d3a6be52ccc69f84d06bad349acf77a206f5c3853a,7cbf5076f036f657d7122ac873d21f0a97a5f0b11e2e0a6000e97bd3bf0450f4,CHECKSUM_MISMATCH,f97dcbc3ecfbc19a130c4dbafef6cb7def9c3eb8
services/wlt/database/migrations/manifest.json,wlt,8,wlt-007_default_currency_yer.sql,HISTORICAL_IMMUTABLE,true,2e979c94036727f2e1daafdc08b0650c00aacead67b3e36f6e92be9774ea6c5d,8ec7873e15bf457c7af581b688d462a68864d3711c31ba70ec981c8ed323425a,CHECKSUM_MISMATCH,f97dcbc3ecfbc19a130c4dbafef6cb7def9c3eb8
services/wlt/database/migrations/manifest.json,wlt,9,wlt-008_payment_session_handoff_controls.sql,HISTORICAL_IMMUTABLE,true,391e5f4e71dd654ecd1acad31ab83219263fd7bc53c007eaf2f8bcba0980265a,3378ad0a769dfccee21a60cfb5ae84040c627973a24fa03bf89c7160c8a60797,CHECKSUM_MISMATCH,f97dcbc3ecfbc19a130c4dbafef6cb7def9c3eb8
services/wlt/database/migrations/manifest.json,wlt,10,wlt-009_dsh_notify_outbox.sql,HISTORICAL_IMMUTABLE,true,9d85d16dc200504a9d1df5e83f63b0d5ef2ea55b261d489424650bce6d92cc0f,54e13ffac1f85bc33769f89eb31db9cb1d89577d87aab57ac0a089358628c58c,CHECKSUM_MISMATCH,f97dcbc3ecfbc19a130c4dbafef6cb7def9c3eb8
services/wlt/database/migrations/manifest.json,wlt,11,wlt-010_payout_destinations.sql,HISTORICAL_IMMUTABLE,true,654642a93294b5995131b07903e528139a221d6949cc2ccfe58ca7b5927baa00,c2e2a7c71f08fb4d539b2f34d8b4ff446843cb1127b84f224f608aea465e1bfe,CHECKSUM_MISMATCH,f97dcbc3ecfbc19a130c4dbafef6cb7def9c3eb8
services/wlt/database/migrations/manifest.json,wlt,12,wlt-011_field_finance.sql,HISTORICAL_IMMUTABLE,true,e5be7791e38d722b74a8becd4fe238eae7b02862faa2bf04b73fb90743109fd7,5b83a09a61ea1b568b03d7eb427dc35b780c1968ed9eebf78ef22edf32ce73b2,CHECKSUM_MISMATCH,f97dcbc3ecfbc19a130c4dbafef6cb7def9c3eb8
services/wlt/database/migrations/manifest.json,wlt,13,wlt-012_payout_idempotency_hash.sql,HISTORICAL_IMMUTABLE,true,e8a741466049682b8db1404447b04e9b39ce4a48fcb3ebd5b797db68529f0c11,95e810c54ddc17d30cc8d9072e12827e7d51539a494f75d6b6f5c5905bbe0934,CHECKSUM_MISMATCH,f97dcbc3ecfbc19a130c4dbafef6cb7def9c3eb8
services/wlt/database/migrations/manifest.json,wlt,14,wlt-013_wallet_actor_unique_and_field_commission_effect.sql,HISTORICAL_IMMUTABLE,true,5846333d1c20ce2f3159d8582c48b6dd8524cee5fdc98b2295e5b229f9cf5239,9b8b35415c584fd4c746fb22d8ef44e8542db98ee429f422f211ee1064890d14,CHECKSUM_MISMATCH,f97dcbc3ecfbc19a130c4dbafef6cb7def9c3eb8
services/wlt/database/migrations/manifest.json,wlt,15,wlt-014_refund_session_idempotency.sql,HISTORICAL_IMMUTABLE,true,0a79ea1a18366bf5a2b833706168ec2980afbd8c0734c7ce7cc834a7ddcc117a,bca05f00b51c49bcb9f66b2d10c32ac6539e2193f6befbeca48f7302c2e357ef,CHECKSUM_MISMATCH,f97dcbc3ecfbc19a130c4dbafef6cb7def9c3eb8
services/wlt/database/migrations/manifest.json,wlt,16,wlt-015_provider_result_unknown_and_reconciliation.sql,HISTORICAL_IMMUTABLE,true,971b1b9aee5fc766cef2ee7b53c5c6151553e3d299a99061723cdb197c65b773,0076757885e1b2282aacbf46261512f3f14eb600250e0e08954babd06526e07f,CHECKSUM_MISMATCH,f97dcbc3ecfbc19a130c4dbafef6cb7def9c3eb8
services/wlt/database/migrations/manifest.json,wlt,17,wlt-017_ledger_kernel.sql,HISTORICAL_IMMUTABLE,true,17f2972c1cb7a949fcd49a7b1db876ef83b831424034f9bdc38bc1eed0f106c3,de4f482fb9a5fa90fd2fa64cdcb266bb4a7f0599478595da0c6864286d48c8ed,CHECKSUM_MISMATCH,f97dcbc3ecfbc19a130c4dbafef6cb7def9c3eb8
services/wlt/database/migrations/manifest.json,wlt,18,wlt-018_payout_destination_encryption.sql,HISTORICAL_IMMUTABLE,true,b6b2b08864d957344b73678f86989186b0b3b48fa6783ff6e2e10aa31ff1a53a,7cd1b35b71eec760246e4b098ce41c55f38f0a1c2bef018fab293a0b8d1fab98,CHECKSUM_MISMATCH,f97dcbc3ecfbc19a130c4dbafef6cb7def9c3eb8
services/wlt/database/migrations/manifest.json,wlt,19,wlt-019_payout_operator_audit.sql,HISTORICAL_IMMUTABLE,true,36639f161bf8a63b463c4da57d27c939cecf97420a0ee1153885cdc86cb51a4f,06431c0fa56a4fc2cf9451b3164eb089bf7636762694572935089d050f44cf64,CHECKSUM_MISMATCH,f97dcbc3ecfbc19a130c4dbafef6cb7def9c3eb8
services/wlt/database/migrations/manifest.json,wlt,20,wlt-020_payment_pending_states.sql,HISTORICAL_IMMUTABLE,true,a436ee91f92dfc42cbb3c77c3b3ec3fcacfd2417367f5d171cb14359b1aa743d,35cf6f7464f82d44e4dea9cc1bdcf3ac5fa1f3b29b786f58901bb581dbd40d79,CHECKSUM_MISMATCH,f97dcbc3ecfbc19a130c4dbafef6cb7def9c3eb8
services/wlt/database/migrations/manifest.json,wlt,21,wlt-021_reconciliation_resolution.sql,HISTORICAL_IMMUTABLE,true,f75d8a111c4ea88c49280a07c51909158345d9ba0ec8f11676af65b00927397a,aa9fe73c1de66b7c262addcb278b09947cfdeee23df64e7b2edb936f92966bae,CHECKSUM_MISMATCH,f97dcbc3ecfbc19a130c4dbafef6cb7def9c3eb8
services/wlt/database/migrations/manifest.json,wlt,22,wlt-022_commission_lifecycle.sql,HISTORICAL_IMMUTABLE,true,6727f2015f5d34a4b21efc13031638475ca6001635958dde9a109ec4f5b62164,cb132cd27af455b7d0f8baf05cde878419f44087fb5166f018570f7f0accc7f8,CHECKSUM_MISMATCH,f97dcbc3ecfbc19a130c4dbafef6cb7def9c3eb8
services/wlt/database/migrations/manifest.json,wlt,23,wlt-023_special_request_payment_sessions.sql,HISTORICAL_IMMUTABLE,true,1b3d711e63fb0d55afe88183119f91512a19d7ef9e25cfae4bf55e061b17c827,dab59a50dabfc1633ab87d5c03bf4602bf1de653fb9c45c9845b74775e902f88,CHECKSUM_MISMATCH,f97dcbc3ecfbc19a130c4dbafef6cb7def9c3eb8
services/wlt/database/migrations/manifest.json,wlt,24,wlt-024_payment_session_operator_context.sql,HISTORICAL_IMMUTABLE,true,17fa0324dff406719541e00a146ab77d1f4a2d01b651ce55b86821abf1997069,17fa0324dff406719541e00a146ab77d1f4a2d01b651ce55b86821abf1997069,PASS,f97dcbc3ecfbc19a130c4dbafef6cb7def9c3eb8
services/wlt/database/migrations/manifest.json,wlt,25,wlt-025_ledger_integrity.sql,HISTORICAL_IMMUTABLE,true,753daad1aab1001c1c92bf0f818d5e59df8f261d052531ab83afc9f7a416edb9,017873dae10fa2c639eb86caa3d0e767bebd25a59f4f9bafdcaa0edb011cdeb2,CHECKSUM_MISMATCH,f97dcbc3ecfbc19a130c4dbafef6cb7def9c3eb8
services/wlt/database/migrations/manifest.json,wlt,26,wlt-026_cash_in_transit_account.sql,HISTORICAL_IMMUTABLE,true,5db4b2686769293fec6323cfc3f3104a1ba82c35b46b741d418554ca08d77274,9edeff1c25ce59e849164b4daa8b844951e9189b3204200b45b4dcf3bb8cb5ca,CHECKSUM_MISMATCH,f97dcbc3ecfbc19a130c4dbafef6cb7def9c3eb8
services/wlt/database/migrations/manifest.json,wlt,27,wlt-027_payout_provider_proof.sql,HISTORICAL_IMMUTABLE,true,c1ab845d10113000190b8bdd7b26a1a12437ba7b975ce73da2df05b4a8ec9cdb,c1ab845d10113000190b8bdd7b26a1a12437ba7b975ce73da2df05b4a8ec9cdb,PASS,f97dcbc3ecfbc19a130c4dbafef6cb7def9c3eb8
services/wlt/database/migrations/manifest.json,wlt,28,wlt-028_commercial_benefits.sql,HISTORICAL_IMMUTABLE,true,aeb78c2c1db76c31d5fb192fcbc2b9492cc8d1448c48da04bb6b1fed84563cfb,2e82818e0a03af1b3f1bfb8204c03a7f8ac2e0f197bae312127777c6a5391193,CHECKSUM_MISMATCH,f97dcbc3ecfbc19a130c4dbafef6cb7def9c3eb8
services/wlt/database/migrations/manifest.json,wlt,29,wlt-029_payment_session_operator_context_lock.sql,HISTORICAL_IMMUTABLE,true,f217ee1e27bcb9ca1f63a508c46bd3135712dd345ea0ea84361e6d181d7c9bd7,f217ee1e27bcb9ca1f63a508c46bd3135712dd345ea0ea84361e6d181d7c9bd7,PASS,f97dcbc3ecfbc19a130c4dbafef6cb7def9c3eb8
services/wlt/database/migrations/manifest.json,wlt,30,wlt-030_subscription_payment_source.sql,HISTORICAL_IMMUTABLE,true,335d16a87517cfd9a4ed5b65afb3810b9e221e0ccee52991bc07dd01ace73f5c,4a629d5fce18248c7a5b78d0d1b2d1400e815c3a0e815be9bd89667c7a0ce1ec,CHECKSUM_MISMATCH,f97dcbc3ecfbc19a130c4dbafef6cb7def9c3eb8
services/wlt/database/migrations/manifest.json,wlt,31,wlt-031_governed_settlement_sources.sql,HISTORICAL_IMMUTABLE,true,d34b6e12e9bdcc0ce1009d893a30875f4e4f4b45c2665e25f9ecd4420ba253a9,478a55b0a83825c5aba1a59de5b07c991ee1f8d2f34daf646da86b2b4d0dc0a9,CHECKSUM_MISMATCH,f97dcbc3ecfbc19a130c4dbafef6cb7def9c3eb8
services/wlt/database/migrations/manifest.json,wlt,32,wlt-032_promotion_funding_ledger.sql,HISTORICAL_IMMUTABLE,true,df0859c23f441194b41165cd2b8a65e011d549c9bccf78100fcb60344dc9355b,df0859c23f441194b41165cd2b8a65e011d549c9bccf78100fcb60344dc9355b,PASS,f97dcbc3ecfbc19a130c4dbafef6cb7def9c3eb8
services/wlt/database/migrations/manifest.json,wlt,33,wlt-033_cod_collector_identity.sql,HISTORICAL_IMMUTABLE,true,2909218dd558948d7d9241606643106a79999748c2f817e9be45ef90e26d1118,2909218dd558948d7d9241606643106a79999748c2f817e9be45ef90e26d1118,PASS,f97dcbc3ecfbc19a130c4dbafef6cb7def9c3eb8
services/wlt/database/migrations/manifest.json,wlt,34,wlt-034_payout_destination_idempotency.sql,HISTORICAL_IMMUTABLE,true,aff97b6ce7cfd70c4f6bb98414d5bcdff5d16eb1fb89df06155e2cd16a82b6d1,aff97b6ce7cfd70c4f6bb98414d5bcdff5d16eb1fb89df06155e2cd16a82b6d1,PASS,f97dcbc3ecfbc19a130c4dbafef6cb7def9c3eb8
services/wlt/database/migrations/manifest.json,wlt,35,wlt-035_refund_reference_integrity.sql,HISTORICAL_IMMUTABLE,true,d4383576f12f46c675be838aba0d8b68ffde6e3c0aa99404a0757db21685f65b,d4383576f12f46c675be838aba0d8b68ffde6e3c0aa99404a0757db21685f65b,PASS,f97dcbc3ecfbc19a130c4dbafef6cb7def9c3eb8
services/wlt/database/migrations/manifest.json,wlt,36,wlt-036_payment_session_operations_and_provider_events.sql,HISTORICAL_IMMUTABLE,true,f2a2bd10df5f8944c2d8096f9179adf4a32870b4ed437366e371384c25991276,f2a2bd10df5f8944c2d8096f9179adf4a32870b4ed437366e371384c25991276,PASS,f97dcbc3ecfbc19a130c4dbafef6cb7def9c3eb8
services/wlt/database/migrations/manifest.json,wlt,37,wlt-037_refund_governance.sql,HISTORICAL_IMMUTABLE,true,b9bc56b5cfe5753ae722849f30f1bc6909358e8a8a74296ea9336045aa93df8b,b9bc56b5cfe5753ae722849f30f1bc6909358e8a8a74296ea9336045aa93df8b,PASS,f97dcbc3ecfbc19a130c4dbafef6cb7def9c3eb8
services/wlt/database/migrations/manifest.json,wlt,38,wlt-038_representative_finance_operator_context.sql,HISTORICAL_IMMUTABLE,true,e5289b8c8552d4d6615a043b26247c238d3a8e783fb636bb965125be72331c24,e5289b8c8552d4d6615a043b26247c238d3a8e783fb636bb965125be72331c24,PASS,f97dcbc3ecfbc19a130c4dbafef6cb7def9c3eb8
services/wlt/database/migrations/manifest.json,wlt,39,wlt-090_settlement_commission_governance.sql,HISTORICAL_IMMUTABLE,true,7a51bd8d92c63be86e468d50ec78d3bb299e01033403646a18b8091418bb7619,7a51bd8d92c63be86e468d50ec78d3bb299e01033403646a18b8091418bb7619,PASS,f97dcbc3ecfbc19a130c4dbafef6cb7def9c3eb8
services/wlt/database/migrations/manifest.json,wlt,40,wlt-091_adjustment_ledger_identity.sql,HISTORICAL_IMMUTABLE,true,a172f7c16942f6c55ac011b289b3e3485c5349b155ac93be48246a8e5c0be719,a172f7c16942f6c55ac011b289b3e3485c5349b155ac93be48246a8e5c0be719,PASS,f97dcbc3ecfbc19a130c4dbafef6cb7def9c3eb8
services/wlt/database/migrations/manifest.json,wlt,41,wlt-092_refund_operation_idempotency.sql,HISTORICAL_IMMUTABLE,true,79a4780f73b2b2deea98ed70d02c465a94e7b7ffdf4d6c00dc6f82b62f8d6555,79a4780f73b2b2deea98ed70d02c465a94e7b7ffdf4d6c00dc6f82b62f8d6555,PASS,f97dcbc3ecfbc19a130c4dbafef6cb7def9c3eb8
services/wlt/database/migrations/manifest.json,wlt,42,wlt-093_mutation_receipts.sql,HISTORICAL_IMMUTABLE,true,5072da9cc96b3ccde1369b7963d022272e8a48f26fce4a5710bb5330d220f700,5072da9cc96b3ccde1369b7963d022272e8a48f26fce4a5710bb5330d220f700,PASS,f97dcbc3ecfbc19a130c4dbafef6cb7def9c3eb8
services/wlt/database/migrations/manifest.json,wlt,43,wlt-095_subscription_lifecycle.sql,HISTORICAL_IMMUTABLE,true,c5c80b1016bb8039fb19134b9c46e3282d44db7d00d615b7b6d9d5df6e603ae7,c5c80b1016bb8039fb19134b9c46e3282d44db7d00d615b7b6d9d5df6e603ae7,PASS,f97dcbc3ecfbc19a130c4dbafef6cb7def9c3eb8
services/wlt/database/migrations/manifest.json,wlt,44,wlt-096_promotion_funding_audit_integrity.sql,HISTORICAL_IMMUTABLE,true,2c617ad303a7908f8fcf3e14b01cb789adcfdc86d4afe9ec426e13a660b0311d,2c617ad303a7908f8fcf3e14b01cb789adcfdc86d4afe9ec426e13a660b0311d,PASS,f97dcbc3ecfbc19a130c4dbafef6cb7def9c3eb8
services/wlt/database/migrations/manifest.json,wlt,45,wlt-097_cod_custody_evidence_reconciliation.sql,HISTORICAL_IMMUTABLE,true,f96573fb4b0d592e06121df0862efd2ae2bb50cf3b05a2033817df3430ab2ce2,f96573fb4b0d592e06121df0862efd2ae2bb50cf3b05a2033817df3430ab2ce2,PASS,f97dcbc3ecfbc19a130c4dbafef6cb7def9c3eb8
services/wlt/database/migrations/manifest.json,wlt,46,wlt-098_payout_destination_governance.sql,HISTORICAL_IMMUTABLE,true,df8e59316164f5d11cacf80b6046191692abe424b09e4729aeff82413f9ac257,df8e59316164f5d11cacf80b6046191692abe424b09e4729aeff82413f9ac257,PASS,f97dcbc3ecfbc19a130c4dbafef6cb7def9c3eb8
services/wlt/database/migrations/manifest.json,wlt,47,wlt-099_request_hash_scope.sql,HISTORICAL_IMMUTABLE,true,b56a15a626234d8c647f7a774d3718586b85610a53d60d2639b326c5d8566900,b56a15a626234d8c647f7a774d3718586b85610a53d60d2639b326c5d8566900,PASS,f97dcbc3ecfbc19a130c4dbafef6cb7def9c3eb8
services/wlt/database/migrations/manifest.json,wlt,48,wlt-100_payout_destination_reference.sql,HISTORICAL_IMMUTABLE,true,0efc7b5fcce2006f3217f16ddd95d7887808e8e49881b390299e82945df93c50,0efc7b5fcce2006f3217f16ddd95d7887808e8e49881b390299e82945df93c50,PASS,f97dcbc3ecfbc19a130c4dbafef6cb7def9c3eb8
services/wlt/database/migrations/manifest.json,wlt,49,wlt-101_reconciliation_single_claim.sql,HISTORICAL_IMMUTABLE,true,295a7035d749f08758b9f2d0ab36819bc8377c5ebd8ddb3f5c2067c904d874b4,295a7035d749f08758b9f2d0ab36819bc8377c5ebd8ddb3f5c2067c904d874b4,PASS,f97dcbc3ecfbc19a130c4dbafef6cb7def9c3eb8
services/wlt/database/migrations/manifest.json,wlt,50,wlt-102_settlement_cod_commission_payout_operator_context.sql,HISTORICAL_IMMUTABLE,true,97bf20d4d241453ae4192bd738e39ee03f5e52d72fd4b4e66d5dd58b2f51499e,97bf20d4d241453ae4192bd738e39ee03f5e52d72fd4b4e66d5dd58b2f51499e,PASS,f97dcbc3ecfbc19a130c4dbafef6cb7def9c3eb8
services/wlt/database/migrations/manifest.json,wlt,51,wlt-103_provider_penalties.sql,HISTORICAL_IMMUTABLE,true,887bea151e14cda2abcd5dc9587b46d849b07b6bca2f9d4b48863f3fea315356,887bea151e14cda2abcd5dc9587b46d849b07b6bca2f9d4b48863f3fea315356,PASS,f97dcbc3ecfbc19a130c4dbafef6cb7def9c3eb8
services/wlt/database/migrations/manifest.json,wlt,52,wlt-104_field_commission_partner_categories.sql,HISTORICAL_IMMUTABLE,true,6dd974820ed7236270d3239d13c1a9c4030b9a698cff3c8de644fba0d4920137,6dd974820ed7236270d3239d13c1a9c4030b9a698cff3c8de644fba0d4920137,PASS,f97dcbc3ecfbc19a130c4dbafef6cb7def9c3eb8
services/wlt/database/migrations/manifest.json,wlt,53,wlt-105_financial_operator_context_context_and_ledger.sql,HISTORICAL_IMMUTABLE,true,66015d35a3a665a0b8bcf3ce7a53c41d5c9b47f63736c4abbdd18a994b5f7d52,66015d35a3a665a0b8bcf3ce7a53c41d5c9b47f63736c4abbdd18a994b5f7d52,PASS,f97dcbc3ecfbc19a130c4dbafef6cb7def9c3eb8
services/wlt/database/migrations/manifest.json,wlt,54,wlt-106_settlement_operator_context.sql,HISTORICAL_IMMUTABLE,true,be8785bd5863e271d294e850405badf1570d293d6297e3af9e9effd6d05d16b7,be8785bd5863e271d294e850405badf1570d293d6297e3af9e9effd6d05d16b7,PASS,f97dcbc3ecfbc19a130c4dbafef6cb7def9c3eb8
services/wlt/database/migrations/manifest.json,wlt,55,wlt-107_commission_operator_context.sql,HISTORICAL_IMMUTABLE,true,08c61734467cd35516a80bb687874d07e734d4c6c79fcb212c84c7a688c8087e,08c61734467cd35516a80bb687874d07e734d4c6c79fcb212c84c7a688c8087e,PASS,f97dcbc3ecfbc19a130c4dbafef6cb7def9c3eb8
services/wlt/database/migrations/manifest.json,wlt,56,wlt-108_wallet_operator_context_identity.sql,HISTORICAL_IMMUTABLE,true,9b853be93ed0a56d92a6f7affcadad11c4649e9ec4d1a8765410fd627338b307,9b853be93ed0a56d92a6f7affcadad11c4649e9ec4d1a8765410fd627338b307,PASS,f97dcbc3ecfbc19a130c4dbafef6cb7def9c3eb8
services/wlt/database/migrations/manifest.json,wlt,57,wlt-109_cod_custody_operator_context.sql,HISTORICAL_IMMUTABLE,true,e14cb987338829e8213c717760c60fbf35c4aaa2c97d6ab6b1154b84238710ef,e14cb987338829e8213c717760c60fbf35c4aaa2c97d6ab6b1154b84238710ef,PASS,f97dcbc3ecfbc19a130c4dbafef6cb7def9c3eb8
services/wlt/database/migrations/manifest.json,wlt,58,wlt-110_payment_reconciliation_operator_context.sql,HISTORICAL_IMMUTABLE,true,ff242e2fd31b57efec6ce85edb5ad7288a9c1dae798a6a07ff7bdb307e4059a2,ff242e2fd31b57efec6ce85edb5ad7288a9c1dae798a6a07ff7bdb307e4059a2,PASS,f97dcbc3ecfbc19a130c4dbafef6cb7def9c3eb8
services/wlt/database/migrations/manifest.json,wlt,59,wlt-111_legacy_ledger_entry_operator_context.sql,HISTORICAL_IMMUTABLE,true,6a20600acc27984c263949978adbaba7310bbb9416216462c4b1582e2e36f82f,6a20600acc27984c263949978adbaba7310bbb9416216462c4b1582e2e36f82f,PASS,f97dcbc3ecfbc19a130c4dbafef6cb7def9c3eb8
services/wlt/database/migrations/manifest.json,wlt,60,wlt-112_payout_operator_context.sql,HISTORICAL_IMMUTABLE,true,71425d7bf316e90c36c03e8e7aab8f21d0464373713b14a8a7fcd0aa3ea6aaf1,71425d7bf316e90c36c03e8e7aab8f21d0464373713b14a8a7fcd0aa3ea6aaf1,PASS,f97dcbc3ecfbc19a130c4dbafef6cb7def9c3eb8
services/wlt/database/migrations/manifest.json,wlt,61,wlt-113_payout_destination_operator_context_unique_repair.sql,HISTORICAL_IMMUTABLE,true,d2599dd3a97a6ade502a13c2eb3b27808097d6374fe652bb2492529da7bc63ea,d2599dd3a97a6ade502a13c2eb3b27808097d6374fe652bb2492529da7bc63ea,PASS,f97dcbc3ecfbc19a130c4dbafef6cb7def9c3eb8
services/wlt/database/migrations/manifest.json,wlt,62,wlt-114_payout_destination_request_operator_context_key.sql,HISTORICAL_IMMUTABLE,true,70ac688754f1262ba3b29f5bb319d39eaefd7f977e9c3ef5324a6daa543951f4,70ac688754f1262ba3b29f5bb319d39eaefd7f977e9c3ef5324a6daa543951f4,PASS,f97dcbc3ecfbc19a130c4dbafef6cb7def9c3eb8
services/wlt/database/migrations/manifest.json,wlt,63,wlt-901_reconciliation_operator_context_guard.sql,HISTORICAL_IMMUTABLE,true,eefbe734f917806ed9f72c2cf43f8a345d7d026a94830692446899fed3b3ef7d,eefbe734f917806ed9f72c2cf43f8a345d7d026a94830692446899fed3b3ef7d,PASS,f97dcbc3ecfbc19a130c4dbafef6cb7def9c3eb8
services/wlt/database/migrations/manifest.json,wlt,64,wlt-902_contextual_finance_object_names.sql,HISTORICAL_IMMUTABLE,true,27d318c2ea95d8b1ccd46c94c1833f3ba8f30a4123de54de15091e28813c6168,27d318c2ea95d8b1ccd46c94c1833f3ba8f30a4123de54de15091e28813c6168,PASS,f97dcbc3ecfbc19a130c4dbafef6cb7def9c3eb8
services/wlt/database/migrations/manifest.json,wlt,65,wlt-903_drop_unconsumed_payout_outbox.sql,HISTORICAL_IMMUTABLE,true,f76982b4cabf9c250765def7e8ed5415974ed3dbc22b133af848e04615248720,f76982b4cabf9c250765def7e8ed5415974ed3dbc22b133af848e04615248720,PASS,f97dcbc3ecfbc19a130c4dbafef6cb7def9c3eb8
services/wlt/database/migrations/manifest.json,wlt,66,wlt-904_reconciliation_claim_guard_repair.sql,ACTIVE,true,2f881eb64d0270e5ead84190764e3845d81c77b7e9e73281f3b485e9dd4c1ccd,2f881eb64d0270e5ead84190764e3845d81c77b7e9e73281f3b485e9dd4c1ccd,PASS,f97dcbc3ecfbc19a130c4dbafef6cb7def9c3eb8
