path,role,bytes,sha256,baseline_sha
00-MANIFEST.json,CORE,10192,bb0fdcaf7a255a9f65edd084d561d0d240e5cc58f4fc13b931f1bfc79a026418,f97dcbc3ecfbc19a130c4dbafef6cb7def9c3eb8
01-DIAGNOSIS-REPORT.md,CORE,4708,922df7bdb2b2ba40b9dd6ce1399102e6c045b3b6a637d399ce8ba3dd8636c852,f97dcbc3ecfbc19a130c4dbafef6cb7def9c3eb8
02-FINDINGS-REGISTER.json,CORE,32258,49823800e538642f244a7ed83864e8fc5ebef28ee1378f3c62937d65874a8646,f97dcbc3ecfbc19a130c4dbafef6cb7def9c3eb8
03-EXECUTION-PLAN.md,CORE,4932,5f749e2ca68857bcb959e65de736ca6204191c4e62c9202615878bad34a896f0,f97dcbc3ecfbc19a130c4dbafef6cb7def9c3eb8
04-WORK-ITEMS.json,CORE,131048,a1006c8f4b8192a842dfc7ade7dd27a6b92cfa30467606ae0a8f8b69e35e0986,f97dcbc3ecfbc19a130c4dbafef6cb7def9c3eb8
05-VERIFICATION-MATRIX.json,CORE,14013,0a93fad48602a9e9b8c806ba3f622b87ba8791382b18e7e003df88401566d7d4,f97dcbc3ecfbc19a130c4dbafef6cb7def9c3eb8
06-CLOSURE-AND-DISPOSAL.md,CORE,1426,96a2d60d2ac8145ca643f2aa2f9077efe2d88b18160d9e569acca7278970baf2,f97dcbc3ecfbc19a130c4dbafef6cb7def9c3eb8
07-TRACEABILITY-MATRIX.csv,CORE,1205,3574bcf8d98064a1ba47fda94f39c5d2231cb3bc47bd84aa90a2e04f24768e30,f97dcbc3ecfbc19a130c4dbafef6cb7def9c3eb8
08-IMPORT-INSTRUCTIONS.md,CORE,2239,be899fc86268c7b7d8cdbb8149fee26e30aab59527cc5a695100513150eb018d,f97dcbc3ecfbc19a130c4dbafef6cb7def9c3eb8
09-PUSH-PACKAGE-PER-FILE.ps1,CORE,4409,d75787b73cf098e4db40f5f5eb9ddf29f8431a42a0975b27090100e5f748ec9f,f97dcbc3ecfbc19a130c4dbafef6cb7def9c3eb8
evidence/README.md,EVIDENCE,1712,b93a07ad1df097ce66f41726dd169f3a80c0a8a71d0630331817606e8db9f3e3,f97dcbc3ecfbc19a130c4dbafef6cb7def9c3eb8
evidence/authority-ledger.csv,EVIDENCE,1294,97387cf377779c3f6ea64c2c1c14cfa5472a92531dfeffcbfefdf94794a9eaae,f97dcbc3ecfbc19a130c4dbafef6cb7def9c3eb8
evidence/candidate-register.csv,EVIDENCE,2866,327f6acdc30b67a139ee40b6d365b6d8caefc6c140a938ae579d49fff336ac4d,f97dcbc3ecfbc19a130c4dbafef6cb7def9c3eb8
evidence/ci-job-step-matrix.csv,EVIDENCE,1784,fa1fc36c467ddbadab3ca61d3e908bc6b9d35e8cbd606d0739a2fec470e8b769,f97dcbc3ecfbc19a130c4dbafef6cb7def9c3eb8
evidence/ci-status.csv,EVIDENCE,827,ef6cb4ce5807f6a00a74eaa84710fd1e8e7a6d6901c3773575752b356ddd6fc5,f97dcbc3ecfbc19a130c4dbafef6cb7def9c3eb8
evidence/contract-operations.csv,EVIDENCE,109631,fa22087062335ec31ca570175cfbf33e99c18d183166e4f3e47612dd0129cbba,f97dcbc3ecfbc19a130c4dbafef6cb7def9c3eb8
evidence/contract-route-mismatches.csv,EVIDENCE,5372,23155724d87940bc07b9f9cc8df44487d0afe876267ad38d4c75cb6a48933bba,f97dcbc3ecfbc19a130c4dbafef6cb7def9c3eb8
evidence/dependency-edges-go.csv,EVIDENCE,409726,39a4d239e6c1e0d5832d9f73b9b5c46487f15554272e08e92dfa14d5edba40fe,f97dcbc3ecfbc19a130c4dbafef6cb7def9c3eb8
evidence/dependency-edges-typescript.csv,EVIDENCE,447895,cbffad777826a4268c845a6ab15ae3cc63eab801541150634b3cebf24e116e2c,f97dcbc3ecfbc19a130c4dbafef6cb7def9c3eb8
evidence/duplicate-content-groups.csv,EVIDENCE,8031,e349777e6ea187cc8f5762dbc80e044283081869f460a1956527d0d1fd35e598,f97dcbc3ecfbc19a130c4dbafef6cb7def9c3eb8
evidence/framework-audit.csv,EVIDENCE,627,c2e54a924c6fa0f327304ff8fd9551bb6d7c4889c88fee71f7f17204d8893898,f97dcbc3ecfbc19a130c4dbafef6cb7def9c3eb8
evidence/gitkeep-candidates.csv,EVIDENCE,30,e4ae9a59c896f90c1010856131f188b05a55d4c75175f89850bddbe9e1625628,f97dcbc3ecfbc19a130c4dbafef6cb7def9c3eb8
evidence/http-routes.csv,EVIDENCE,69740,ec69f12bf556213c5d6a8dc1d08a36a4164acda363d0bd38ed0490dc9cbfeb6b,f97dcbc3ecfbc19a130c4dbafef6cb7def9c3eb8
evidence/inventory-summary.json,EVIDENCE,1395,3b313f3814f4b8f47bfef2234847300bbf6390096d26753a2589c729b4b598ae,f97dcbc3ecfbc19a130c4dbafef6cb7def9c3eb8
evidence/journey-slice-ledger.csv,EVIDENCE,654079,a700f58105bd13b780c34ffb6b65c97055d8aed00c0d2786614b26b1335d59ed,f97dcbc3ecfbc19a130c4dbafef6cb7def9c3eb8
evidence/journey-status-ledger.csv,EVIDENCE,33798,ec4d1e62a4bb293654b524066e4a538092d581fd73948ddd8a3c597a4078fb71,f97dcbc3ecfbc19a130c4dbafef6cb7def9c3eb8
evidence/knip-findings.csv,EVIDENCE,577,0f566d1d647b76a67b921a04514c0274c2213970d64a0c61382bf61d7971f56d,f97dcbc3ecfbc19a130c4dbafef6cb7def9c3eb8
evidence/large-text-files.csv,EVIDENCE,19943,33b92b99db50bdb9482d41f688f17ec685b4e08935a5146c29459b99dbb7938e,f97dcbc3ecfbc19a130c4dbafef6cb7def9c3eb8
evidence/migration-manifest-ledger.csv,EVIDENCE,93258,f2e23b5b29d5908ea6ca34be2470d8c16f70f60b24582face9b05fb50d4531af,f97dcbc3ecfbc19a130c4dbafef6cb7def9c3eb8
evidence/package-scripts.csv,EVIDENCE,48586,4233110a838cd56a7c09dc7fb55dc5237bf02a62b93f48bf95a60561b248797f,f97dcbc3ecfbc19a130c4dbafef6cb7def9c3eb8
evidence/package-validation.json,EVIDENCE,1075,31322e48bffd5d546c0eb9af010825cbd656dd73f84965833ada7f5bd165ef19,f97dcbc3ecfbc19a130c4dbafef6cb7def9c3eb8
evidence/remote-head-and-ci.json,EVIDENCE,2223,8404c6dca0755426b0c767643aa15bf1c852df8dfb5db44e96eb6582684d4b8c,f97dcbc3ecfbc19a130c4dbafef6cb7def9c3eb8
evidence/root-cause-matrix.csv,EVIDENCE,4702,5612d6810fa4b72f99b3ea4ff95653d7ec645d8bcb7cf57e4f4e831e29f0f928,f97dcbc3ecfbc19a130c4dbafef6cb7def9c3eb8
evidence/runtime-proof-summary.json,EVIDENCE,369,dd9932f32f558033d51c3be9f900fa75e6e00ac5d154bd88e234b351979ff5ee,f97dcbc3ecfbc19a130c4dbafef6cb7def9c3eb8
evidence/screen-binding-warnings.csv,EVIDENCE,2651,e50bb0e6700c29bdc7929a15899025c905fc5b2ec17f4af7eefd1dc6f58cf91e,f97dcbc3ecfbc19a130c4dbafef6cb7def9c3eb8
evidence/surface-controls-app-captain.csv,EVIDENCE,40696,98608c3beb7ebc7502801060176d59f73f4ed66bbd4f3021bfaaf73589840ee9,f97dcbc3ecfbc19a130c4dbafef6cb7def9c3eb8
evidence/surface-controls-app-client.csv,EVIDENCE,44739,ea46dc55889d7116a4b07ac2b38d7bf6b4462f77dd50b22f886c57f25316c9ac,f97dcbc3ecfbc19a130c4dbafef6cb7def9c3eb8
evidence/surface-controls-app-field.csv,EVIDENCE,39541,c543c57e76693d0aa9e5ba623d04d3efad04cc1d14def27c08042fe082e83c6e,f97dcbc3ecfbc19a130c4dbafef6cb7def9c3eb8
evidence/surface-controls-app-partner.csv,EVIDENCE,65762,56b4859b0def0cee80e069484cdd800844320fd3534b059174150f40166911ef,f97dcbc3ecfbc19a130c4dbafef6cb7def9c3eb8
evidence/surface-controls-control-panel.csv,EVIDENCE,291170,a26ecb055698cf6802258b7d9ec0cb8adb7feeb95e0051d75f1b0203ce85d5d0,f97dcbc3ecfbc19a130c4dbafef6cb7def9c3eb8
evidence/surface-screens.csv,EVIDENCE,32687,2803d282481be6e0749b69a23d72b9612364097a6a737404b35cf181eab560e9,f97dcbc3ecfbc19a130c4dbafef6cb7def9c3eb8
evidence/tracked-files.csv,EVIDENCE,826390,d66436a2e1fad7a0a5ad94bcc69224d81bde62298b6f2c73e5f560cdef7b1322,f97dcbc3ecfbc19a130c4dbafef6cb7def9c3eb8
evidence/zero-byte-files.csv,EVIDENCE,35,815914a424c9f69fc03a94a358a35a652a48eb6c19618014864f4367c74fec80,f97dcbc3ecfbc19a130c4dbafef6cb7def9c3eb8
phases/PHASE-00.md,PHASE,1267,3227b8c0a9cee4cad54dba63124fba94fc5495f465b8a50dacc32991a1bb64e0,f97dcbc3ecfbc19a130c4dbafef6cb7def9c3eb8
phases/PHASE-01.md,PHASE,1350,0d9c27e1d6f3d721d2d5de8c2cf600d107b452c489ce023b6624d7b8f0123bd1,f97dcbc3ecfbc19a130c4dbafef6cb7def9c3eb8
phases/PHASE-02.md,PHASE,1260,76f4da32e60fd9254f15a351c34bcab12278748687272ec7af5f26f26875019d,f97dcbc3ecfbc19a130c4dbafef6cb7def9c3eb8
phases/PHASE-03.md,PHASE,1237,d2dba9c6eaa7aebad873506d1795d751e55f806ac04905148143cdffb6da33b6,f97dcbc3ecfbc19a130c4dbafef6cb7def9c3eb8
phases/PHASE-04.md,PHASE,1217,dfeb0aae5ad2c4570bacbf74bf0c7e98e9a77faaa404a8f1e9467fb87d362a0c,f97dcbc3ecfbc19a130c4dbafef6cb7def9c3eb8
phases/PHASE-05.md,PHASE,1309,0ef6d730a1cc9cee692b26f4d295a49915596e839a4bbbba6b96ec3bdbf25874,f97dcbc3ecfbc19a130c4dbafef6cb7def9c3eb8
phases/PHASE-06.md,PHASE,1242,7cebc650118a31e5f6507280a1076ef2604a6710c1534ec891ad350e5d19c429,f97dcbc3ecfbc19a130c4dbafef6cb7def9c3eb8
phases/PHASE-07.md,PHASE,1214,04676545d440f617403373c0d59fb7b35a2bf838b57d65ac646c7f8823ba4b6d,f97dcbc3ecfbc19a130c4dbafef6cb7def9c3eb8
phases/PHASE-08.md,PHASE,1210,43e8ff4f654ee0c6c45efd3bbaa8b8eb3670c3bb3ee66368ffb57fd97c939cc7,f97dcbc3ecfbc19a130c4dbafef6cb7def9c3eb8
phases/PHASE-09.md,PHASE,1217,579b8714f9bfac5cfde9061ced3adb022a80b5f911b2211cbb370f164791743f,f97dcbc3ecfbc19a130c4dbafef6cb7def9c3eb8
phases/PHASE-10.md,PHASE,1263,36d1d2429e94f6f88f3efe51ff616c73327fcfc36af69845689915643d7cd73f,f97dcbc3ecfbc19a130c4dbafef6cb7def9c3eb8
tasks/TASK-0001.json,TASK,7913,e0660d77706ff6cbcd0ee5403fbb40e5c0245f3fba0219326e08458e39c0a79c,f97dcbc3ecfbc19a130c4dbafef6cb7def9c3eb8
tasks/TASK-0002.json,TASK,7734,db8e9ff04256bbfff679c0670b01b28331b00006abf12124893e14738366c684,f97dcbc3ecfbc19a130c4dbafef6cb7def9c3eb8
tasks/TASK-0003.json,TASK,6209,36763154cd3cf0b223d3e803ba7972b5d7c3017330b2694c0bf7b1529ef2f5f7,f97dcbc3ecfbc19a130c4dbafef6cb7def9c3eb8
tasks/TASK-0004.json,TASK,8288,2396fed9e1fd3bae0918a71c180742b064a1a4f7b5fc7c6fadcbf2f8d4aee6e3,f97dcbc3ecfbc19a130c4dbafef6cb7def9c3eb8
tasks/TASK-0005.json,TASK,9378,743e02e41312dcd81e33b441a2d625bd83eac541c5ba8c4edb35665589bc8344,f97dcbc3ecfbc19a130c4dbafef6cb7def9c3eb8
tasks/TASK-0006.json,TASK,8292,3c1e86715b268c70be710ffed56a6b811c58a8c9b4e7b10416e0aceae5819864,f97dcbc3ecfbc19a130c4dbafef6cb7def9c3eb8
tasks/TASK-0007.json,TASK,9281,6e71a7664a9be54e6ad68b5179eba26ea3a50e75adde98e47581b1596cc4b557,f97dcbc3ecfbc19a130c4dbafef6cb7def9c3eb8
tasks/TASK-0008.json,TASK,8567,b5c31d5522021144047b8001a2afa2d1d3f63ecf316afb58dc37c260efda8f49,f97dcbc3ecfbc19a130c4dbafef6cb7def9c3eb8
tasks/TASK-0009.json,TASK,13941,2c191317683eb8ae51ed3e8125aea37b12c057c04e1f4408e4293d8c7de93c69,f97dcbc3ecfbc19a130c4dbafef6cb7def9c3eb8
tasks/TASK-0010.json,TASK,9524,e7e3ec71908dccc1aeaca89b46e21e71289bade56cf60b449c7bcdede56dc1c9,f97dcbc3ecfbc19a130c4dbafef6cb7def9c3eb8
tasks/TASK-0011.json,TASK,10115,4ee469cad1c4fc0f8d3dbf8065fd6dea0eaf583f84db7d9f86fd1db2c3c429ae,f97dcbc3ecfbc19a130c4dbafef6cb7def9c3eb8
tasks/TASK-0012.json,TASK,6960,ac3e7174863adac53be254a1b54bab3946d87373ef27c1ee6b49ae4c56eb32f6,f97dcbc3ecfbc19a130c4dbafef6cb7def9c3eb8
tasks/TASK-0013.json,TASK,9027,ef6d2a4b4bf6e2e136b2cd8a28f16749cd58fdc71f59f066cc7e68295870edf7,f97dcbc3ecfbc19a130c4dbafef6cb7def9c3eb8
tasks/TASK-0014.json,TASK,7795,7632421bdbb8c00439a83683d7dd37323cf9522ee0a685f8a47fb73b4d1041ad,f97dcbc3ecfbc19a130c4dbafef6cb7def9c3eb8
tasks/TASK-0015.json,TASK,7114,d03334a3b539cec9b1c15dfc7d31490bdea8c1312d60a1adcc60425d73aa113f,f97dcbc3ecfbc19a130c4dbafef6cb7def9c3eb8
tasks/TASK-0016.json,TASK,8945,9a91a4e880c90574773daa12026f64b084e35b325c24a143b7edaca1dfdf8498,f97dcbc3ecfbc19a130c4dbafef6cb7def9c3eb8
tasks/TASK-0017.json,TASK,8114,4f0ff97945b35452ee0cf100d68dde63cc602471ab536f43bb225b937d8fab17,f97dcbc3ecfbc19a130c4dbafef6cb7def9c3eb8
tasks/TASK-0018.json,TASK,9424,ccad29405fe2b9b9c94d344d6c299b0c22ee946097776808f89e2a8bd0d30434,f97dcbc3ecfbc19a130c4dbafef6cb7def9c3eb8
