warning_id,surface,path,observed,required_decision,finding_id,task_id,source
SBW-001,app-captain,services/dsh/frontend/app-captain/DshOperationScreen.tsx,SCREEN_BINDING_NOT_PROVEN_WITHIN_12_IMPORT_EDGES,BIND_TO_ROUTE_CONTROLLER_CONTRACT_AND_RUNTIME_OR_DELETE_AFTER_REFERENCE_PROOF,FND-0012,TASK-0009,deep-repository-diagnostics artifact run 30915539526
SBW-002,app-captain,services/dsh/frontend/app-captain/account/DshCaptainEntryScreen.tsx,SCREEN_BINDING_NOT_PROVEN_WITHIN_12_IMPORT_EDGES,BIND_TO_ROUTE_CONTROLLER_CONTRACT_AND_RUNTIME_OR_DELETE_AFTER_REFERENCE_PROOF,FND-0012,TASK-0009,deep-repository-diagnostics artifact run 30915539526
SBW-003,app-captain,services/dsh/frontend/app-captain/orders/SimpleSupportScreen.tsx,SCREEN_BINDING_NOT_PROVEN_WITHIN_12_IMPORT_EDGES,BIND_TO_ROUTE_CONTROLLER_CONTRACT_AND_RUNTIME_OR_DELETE_AFTER_REFERENCE_PROOF,FND-0012,TASK-0009,deep-repository-diagnostics artifact run 30915539526
SBW-004,app-client,services/dsh/frontend/app-client/account/IdentityHubScreen.tsx,SCREEN_BINDING_NOT_PROVEN_WITHIN_12_IMPORT_EDGES,BIND_TO_ROUTE_CONTROLLER_CONTRACT_AND_RUNTIME_OR_DELETE_AFTER_REFERENCE_PROOF,FND-0012,TASK-0009,deep-repository-diagnostics artifact run 30915539526
SBW-005,app-partner,services/dsh/frontend/app-partner/account/AuctionStatusUpdateScreen.tsx,SCREEN_BINDING_NOT_PROVEN_WITHIN_12_IMPORT_EDGES,BIND_TO_ROUTE_CONTROLLER_CONTRACT_AND_RUNTIME_OR_DELETE_AFTER_REFERENCE_PROOF,FND-0012,TASK-0009,deep-repository-diagnostics artifact run 30915539526
SBW-006,app-partner,services/dsh/frontend/app-partner/account/PartnerEntryScreen.tsx,SCREEN_BINDING_NOT_PROVEN_WITHIN_12_IMPORT_EDGES,BIND_TO_ROUTE_CONTROLLER_CONTRACT_AND_RUNTIME_OR_DELETE_AFTER_REFERENCE_PROOF,FND-0012,TASK-0009,deep-repository-diagnostics artifact run 30915539526
SBW-007,app-partner,services/dsh/frontend/app-partner/catalog/InventoryActionScreen.tsx,SCREEN_BINDING_NOT_PROVEN_WITHIN_12_IMPORT_EDGES,BIND_TO_ROUTE_CONTROLLER_CONTRACT_AND_RUNTIME_OR_DELETE_AFTER_REFERENCE_PROOF,FND-0012,TASK-0009,deep-repository-diagnostics artifact run 30915539526
SBW-008,app-partner,services/dsh/frontend/app-partner/orders/DshPartnerOrderRejectionScreen.tsx,SCREEN_BINDING_NOT_PROVEN_WITHIN_12_IMPORT_EDGES,BIND_TO_ROUTE_CONTROLLER_CONTRACT_AND_RUNTIME_OR_DELETE_AFTER_REFERENCE_PROOF,FND-0012,TASK-0009,deep-repository-diagnostics artifact run 30915539526
SBW-009,control-panel,services/dsh/frontend/control-panel/operations/GeoHeatmapScreen.tsx,SCREEN_BINDING_NOT_PROVEN_WITHIN_12_IMPORT_EDGES,BIND_TO_ROUTE_CONTROLLER_CONTRACT_AND_RUNTIME_OR_DELETE_AFTER_REFERENCE_PROOF,FND-0012,TASK-0009,deep-repository-diagnostics artifact run 30915539526
