surface,path,owner,bytes,lines,classification,binding_state
control-panel,apps/control-panel/runtime/src/app/(shell)/dsh/administration/page.tsx,control-panel,198,7,SCREEN_OR_ROUTE_CANDIDATE,REQUIRES_ROUTE_AND_RUNTIME_PROOF
control-panel,apps/control-panel/runtime/src/app/(shell)/dsh/analytics/operational/page.tsx,control-panel,367,12,SCREEN_OR_ROUTE_CANDIDATE,REQUIRES_ROUTE_AND_RUNTIME_PROOF
control-panel,apps/control-panel/runtime/src/app/(shell)/dsh/analytics/page.tsx,control-panel,321,12,SCREEN_OR_ROUTE_CANDIDATE,REQUIRES_ROUTE_AND_RUNTIME_PROOF
control-panel,apps/control-panel/runtime/src/app/(shell)/dsh/catalogs/governance/page.tsx,control-panel,185,7,SCREEN_OR_ROUTE_CANDIDATE,REQUIRES_ROUTE_AND_RUNTIME_PROOF
control-panel,apps/control-panel/runtime/src/app/(shell)/dsh/catalogs/page.tsx,control-panel,177,7,SCREEN_OR_ROUTE_CANDIDATE,REQUIRES_ROUTE_AND_RUNTIME_PROOF
control-panel,apps/control-panel/runtime/src/app/(shell)/dsh/dashboard/page.tsx,control-panel,193,7,SCREEN_OR_ROUTE_CANDIDATE,REQUIRES_ROUTE_AND_RUNTIME_PROOF
control-panel,apps/control-panel/runtime/src/app/(shell)/dsh/hr/page.tsx,control-panel,157,7,SCREEN_OR_ROUTE_CANDIDATE,REQUIRES_ROUTE_AND_RUNTIME_PROOF
control-panel,apps/control-panel/runtime/src/app/(shell)/dsh/login/page.tsx,control-panel,6138,196,SCREEN_OR_ROUTE_CANDIDATE,REQUIRES_ROUTE_AND_RUNTIME_PROOF
control-panel,apps/control-panel/runtime/src/app/(shell)/dsh/marketing/page.tsx,control-panel,180,7,SCREEN_OR_ROUTE_CANDIDATE,REQUIRES_ROUTE_AND_RUNTIME_PROOF
control-panel,apps/control-panel/runtime/src/app/(shell)/dsh/operations/page.tsx,control-panel,301,12,SCREEN_OR_ROUTE_CANDIDATE,REQUIRES_ROUTE_AND_RUNTIME_PROOF
control-panel,apps/control-panel/runtime/src/app/(shell)/dsh/partners/[partnerId]/page.tsx,control-panel,473,17,SCREEN_OR_ROUTE_CANDIDATE,REQUIRES_ROUTE_AND_RUNTIME_PROOF
control-panel,apps/control-panel/runtime/src/app/(shell)/dsh/partners/page.tsx,control-panel,483,17,SCREEN_OR_ROUTE_CANDIDATE,REQUIRES_ROUTE_AND_RUNTIME_PROOF
control-panel,apps/control-panel/runtime/src/app/(shell)/dsh/partners/stores/page.tsx,control-panel,180,7,SCREEN_OR_ROUTE_CANDIDATE,REQUIRES_ROUTE_AND_RUNTIME_PROOF
control-panel,apps/control-panel/runtime/src/app/(shell)/dsh/platform/page.tsx,control-panel,1390,43,SCREEN_OR_ROUTE_CANDIDATE,REQUIRES_ROUTE_AND_RUNTIME_PROOF
control-panel,apps/control-panel/runtime/src/app/(shell)/dsh/platform/policies/page.tsx,control-panel,206,7,SCREEN_OR_ROUTE_CANDIDATE,REQUIRES_ROUTE_AND_RUNTIME_PROOF
control-panel,apps/control-panel/runtime/src/app/(shell)/dsh/support/page.tsx,control-panel,175,7,SCREEN_OR_ROUTE_CANDIDATE,REQUIRES_ROUTE_AND_RUNTIME_PROOF
control-panel,apps/control-panel/runtime/src/app/(shell)/layout.tsx,control-panel,2398,71,SCREEN_OR_ROUTE_CANDIDATE,REQUIRES_ROUTE_AND_RUNTIME_PROOF
control-panel,apps/control-panel/runtime/src/app/(shell)/wlt/finance/page.tsx,control-panel,535,17,SCREEN_OR_ROUTE_CANDIDATE,REQUIRES_ROUTE_AND_RUNTIME_PROOF
control-panel,apps/control-panel/runtime/src/app/(shell)/wlt/finance/payment-sessions/page.tsx,control-panel,181,5,SCREEN_OR_ROUTE_CANDIDATE,REQUIRES_ROUTE_AND_RUNTIME_PROOF
control-panel,apps/control-panel/runtime/src/app/api/[service]/[...path]/route.ts,control-panel,1989,65,SCREEN_OR_ROUTE_CANDIDATE,REQUIRES_ROUTE_AND_RUNTIME_PROOF
control-panel,apps/control-panel/runtime/src/app/api/auth/activate/route.ts,control-panel,2178,71,SCREEN_OR_ROUTE_CANDIDATE,REQUIRES_ROUTE_AND_RUNTIME_PROOF
control-panel,apps/control-panel/runtime/src/app/api/auth/login/route.ts,control-panel,1967,63,SCREEN_OR_ROUTE_CANDIDATE,REQUIRES_ROUTE_AND_RUNTIME_PROOF
control-panel,apps/control-panel/runtime/src/app/api/auth/logout/route.ts,control-panel,866,28,SCREEN_OR_ROUTE_CANDIDATE,REQUIRES_ROUTE_AND_RUNTIME_PROOF
control-panel,apps/control-panel/runtime/src/app/api/auth/refresh/route.ts,control-panel,1764,57,SCREEN_OR_ROUTE_CANDIDATE,REQUIRES_ROUTE_AND_RUNTIME_PROOF
control-panel,apps/control-panel/runtime/src/app/api/auth/session/route.ts,control-panel,1524,46,SCREEN_OR_ROUTE_CANDIDATE,REQUIRES_ROUTE_AND_RUNTIME_PROOF
control-panel,apps/control-panel/runtime/src/app/api/dsh/[...path]/route.ts,control-panel,526,20,SCREEN_OR_ROUTE_CANDIDATE,REQUIRES_ROUTE_AND_RUNTIME_PROOF
control-panel,apps/control-panel/runtime/src/app/api/platform-control/[...path]/route.ts,control-panel,550,20,SCREEN_OR_ROUTE_CANDIDATE,REQUIRES_ROUTE_AND_RUNTIME_PROOF
control-panel,apps/control-panel/runtime/src/app/api/providers/[...path]/route.ts,control-panel,555,24,SCREEN_OR_ROUTE_CANDIDATE,REQUIRES_ROUTE_AND_RUNTIME_PROOF
control-panel,apps/control-panel/runtime/src/app/api/workforce/[...path]/route.ts,control-panel,538,20,SCREEN_OR_ROUTE_CANDIDATE,REQUIRES_ROUTE_AND_RUNTIME_PROOF
control-panel,apps/control-panel/runtime/src/app/layout.tsx,control-panel,3195,95,SCREEN_OR_ROUTE_CANDIDATE,REQUIRES_ROUTE_AND_RUNTIME_PROOF
control-panel,apps/control-panel/runtime/src/app/page.tsx,control-panel,114,5,SCREEN_OR_ROUTE_CANDIDATE,REQUIRES_ROUTE_AND_RUNTIME_PROOF
app-captain,services/dsh/frontend/app-captain/DshOperationScreen.tsx,dsh,3515,78,SCREEN_OR_ROUTE_CANDIDATE,REQUIRES_ROUTE_AND_RUNTIME_PROOF
app-captain,services/dsh/frontend/app-captain/account/DshCaptainEntryScreen.tsx,dsh,3333,95,SCREEN_OR_ROUTE_CANDIDATE,REQUIRES_ROUTE_AND_RUNTIME_PROOF
app-captain,services/dsh/frontend/app-captain/account/DshCaptainOperationsScreen.tsx,dsh,22900,562,SCREEN_OR_ROUTE_CANDIDATE,REQUIRES_ROUTE_AND_RUNTIME_PROOF
app-captain,services/dsh/frontend/app-captain/account/DshCaptainProfileScreen.tsx,dsh,5031,124,SCREEN_OR_ROUTE_CANDIDATE,REQUIRES_ROUTE_AND_RUNTIME_PROOF
app-captain,services/dsh/frontend/app-captain/dispatch/DshCaptainOrdersScreen.tsx,dsh,202,7,SCREEN_OR_ROUTE_CANDIDATE,REQUIRES_ROUTE_AND_RUNTIME_PROOF
app-captain,services/dsh/frontend/app-captain/finance/WltCaptainCodCustodyScreen.tsx,dsh,2933,79,SCREEN_OR_ROUTE_CANDIDATE,REQUIRES_ROUTE_AND_RUNTIME_PROOF
app-captain,services/dsh/frontend/app-captain/finance/WltCaptainFinanceScreen.tsx,dsh,3053,87,SCREEN_OR_ROUTE_CANDIDATE,REQUIRES_ROUTE_AND_RUNTIME_PROOF
app-captain,services/dsh/frontend/app-captain/orders/CaptainAssignmentOfferPanel.tsx,dsh,4518,122,SCREEN_OR_ROUTE_CANDIDATE,REQUIRES_ROUTE_AND_RUNTIME_PROOF
app-captain,services/dsh/frontend/app-captain/orders/CaptainOrderSupportConversationScreen.tsx,dsh,9757,284,SCREEN_OR_ROUTE_CANDIDATE,REQUIRES_ROUTE_AND_RUNTIME_PROOF
app-captain,services/dsh/frontend/app-captain/orders/DshCaptainHomeOrderPanel.tsx,dsh,10954,248,SCREEN_OR_ROUTE_CANDIDATE,REQUIRES_ROUTE_AND_RUNTIME_PROOF
app-captain,services/dsh/frontend/app-captain/orders/DshCaptainMapScreen.tsx,dsh,9236,240,SCREEN_OR_ROUTE_CANDIDATE,REQUIRES_ROUTE_AND_RUNTIME_PROOF
app-captain,services/dsh/frontend/app-captain/orders/DshCaptainOrdersScreen.tsx,dsh,18674,387,SCREEN_OR_ROUTE_CANDIDATE,REQUIRES_ROUTE_AND_RUNTIME_PROOF
app-captain,services/dsh/frontend/app-captain/orders/DshCaptainPickupDropoffScreen.tsx,dsh,13185,332,SCREEN_OR_ROUTE_CANDIDATE,REQUIRES_ROUTE_AND_RUNTIME_PROOF
app-captain,services/dsh/frontend/app-captain/orders/DshCaptainPoDSubmissionScreen.tsx,dsh,20215,357,SCREEN_OR_ROUTE_CANDIDATE,REQUIRES_ROUTE_AND_RUNTIME_PROOF
app-captain,services/dsh/frontend/app-captain/orders/OperationalCaptainExecutionScreen.tsx,dsh,10754,263,SCREEN_OR_ROUTE_CANDIDATE,REQUIRES_ROUTE_AND_RUNTIME_PROOF
app-captain,services/dsh/frontend/app-captain/orders/SimpleSupportScreen.tsx,dsh,3350,131,SCREEN_OR_ROUTE_CANDIDATE,REQUIRES_ROUTE_AND_RUNTIME_PROOF
app-captain,services/dsh/frontend/app-captain/store/CaptainStorePickupContextScreen.tsx,dsh,6879,197,SCREEN_OR_ROUTE_CANDIDATE,REQUIRES_ROUTE_AND_RUNTIME_PROOF
app-client,services/dsh/frontend/app-client/account/AddressLocationScreen.tsx,dsh,21496,547,SCREEN_OR_ROUTE_CANDIDATE,REQUIRES_ROUTE_AND_RUNTIME_PROOF
app-client,services/dsh/frontend/app-client/account/BenefitsHubScreen.tsx,dsh,18248,430,SCREEN_OR_ROUTE_CANDIDATE,REQUIRES_ROUTE_AND_RUNTIME_PROOF
app-client,services/dsh/frontend/app-client/account/IdentityHubScreen.tsx,dsh,10504,318,SCREEN_OR_ROUTE_CANDIDATE,REQUIRES_ROUTE_AND_RUNTIME_PROOF
app-client,services/dsh/frontend/app-client/account/MySpaceScreen.tsx,dsh,4560,163,SCREEN_OR_ROUTE_CANDIDATE,REQUIRES_ROUTE_AND_RUNTIME_PROOF
app-client,services/dsh/frontend/app-client/account/PreferencesHubScreen.tsx,dsh,7503,217,SCREEN_OR_ROUTE_CANDIDATE,REQUIRES_ROUTE_AND_RUNTIME_PROOF
app-client,services/dsh/frontend/app-client/cart/CartScreen.tsx,dsh,23532,632,SCREEN_OR_ROUTE_CANDIDATE,REQUIRES_ROUTE_AND_RUNTIME_PROOF
app-client,services/dsh/frontend/app-client/cart/GovernedCartScreen.tsx,dsh,10548,214,SCREEN_OR_ROUTE_CANDIDATE,REQUIRES_ROUTE_AND_RUNTIME_PROOF
app-client,services/dsh/frontend/app-client/checkout/ClientCheckoutRoute.tsx,dsh,4862,148,SCREEN_OR_ROUTE_CANDIDATE,REQUIRES_ROUTE_AND_RUNTIME_PROOF
app-client,services/dsh/frontend/app-client/checkout/GovernedCheckoutScreen.tsx,dsh,10262,217,SCREEN_OR_ROUTE_CANDIDATE,REQUIRES_ROUTE_AND_RUNTIME_PROOF
app-client,services/dsh/frontend/app-client/finance/WltClientWalletPanel.tsx,dsh,839,28,SCREEN_OR_ROUTE_CANDIDATE,REQUIRES_ROUTE_AND_RUNTIME_PROOF
app-client,services/dsh/frontend/app-client/home-discovery/HomeDiscoveryRoute.tsx,dsh,724,19,SCREEN_OR_ROUTE_CANDIDATE,REQUIRES_ROUTE_AND_RUNTIME_PROOF
app-client,services/dsh/frontend/app-client/home-discovery/HomeDiscoveryScreen.tsx,dsh,1640,46,SCREEN_OR_ROUTE_CANDIDATE,REQUIRES_ROUTE_AND_RUNTIME_PROOF
app-client,services/dsh/frontend/app-client/notifications/NotificationCenterScreen.tsx,dsh,1397,50,SCREEN_OR_ROUTE_CANDIDATE,REQUIRES_ROUTE_AND_RUNTIME_PROOF
app-client,services/dsh/frontend/app-client/orders/ClientDeliveryProofPanel.tsx,dsh,5158,140,SCREEN_OR_ROUTE_CANDIDATE,REQUIRES_ROUTE_AND_RUNTIME_PROOF
app-client,services/dsh/frontend/app-client/orders/ClientPreparationDecisionPanel.tsx,dsh,6268,150,SCREEN_OR_ROUTE_CANDIDATE,REQUIRES_ROUTE_AND_RUNTIME_PROOF
app-client,services/dsh/frontend/app-client/orders/OrderTrackingScreen.tsx,dsh,19692,491,SCREEN_OR_ROUTE_CANDIDATE,REQUIRES_ROUTE_AND_RUNTIME_PROOF
app-client,services/dsh/frontend/app-client/orders/OrdersListScreen.tsx,dsh,11486,225,SCREEN_OR_ROUTE_CANDIDATE,REQUIRES_ROUTE_AND_RUNTIME_PROOF
app-client,services/dsh/frontend/app-client/orders/PickupSessionScreen.tsx,dsh,5537,153,SCREEN_OR_ROUTE_CANDIDATE,REQUIRES_ROUTE_AND_RUNTIME_PROOF
app-client,services/dsh/frontend/app-client/store/StoreDetailRoute.tsx,dsh,378,12,SCREEN_OR_ROUTE_CANDIDATE,REQUIRES_ROUTE_AND_RUNTIME_PROOF
app-client,services/dsh/frontend/app-client/store/StoreDetailScreen.tsx,dsh,5302,167,SCREEN_OR_ROUTE_CANDIDATE,REQUIRES_ROUTE_AND_RUNTIME_PROOF
app-client,services/dsh/frontend/app-client/store/StoreDiscoveryRoute.tsx,dsh,264,10,SCREEN_OR_ROUTE_CANDIDATE,REQUIRES_ROUTE_AND_RUNTIME_PROOF
app-client,services/dsh/frontend/app-client/store/StoreDiscoveryScreen.tsx,dsh,3292,122,SCREEN_OR_ROUTE_CANDIDATE,REQUIRES_ROUTE_AND_RUNTIME_PROOF
app-client,services/dsh/frontend/app-client/support/SupportTicketScreen.tsx,dsh,7408,206,SCREEN_OR_ROUTE_CANDIDATE,REQUIRES_ROUTE_AND_RUNTIME_PROOF
app-client,services/dsh/frontend/app-client/support/TicketDetailScreen.tsx,dsh,6473,186,SCREEN_OR_ROUTE_CANDIDATE,REQUIRES_ROUTE_AND_RUNTIME_PROOF
app-field,services/dsh/frontend/app-field/account/DshFieldProfileCompletionScreen.tsx,dsh,6036,168,SCREEN_OR_ROUTE_CANDIDATE,REQUIRES_ROUTE_AND_RUNTIME_PROOF
app-field,services/dsh/frontend/app-field/account/DshFieldProfileHomeScreen.tsx,dsh,6955,179,SCREEN_OR_ROUTE_CANDIDATE,REQUIRES_ROUTE_AND_RUNTIME_PROOF
app-field,services/dsh/frontend/app-field/account/DshFieldProfileScreen.tsx,dsh,3117,95,SCREEN_OR_ROUTE_CANDIDATE,REQUIRES_ROUTE_AND_RUNTIME_PROOF
app-field,services/dsh/frontend/app-field/components/DshFieldAssortmentPauseScreen.tsx,dsh,8316,192,SCREEN_OR_ROUTE_CANDIDATE,REQUIRES_ROUTE_AND_RUNTIME_PROOF
app-field,services/dsh/frontend/app-field/components/DshFieldCatalogOperationsScreen.tsx,dsh,1486,43,SCREEN_OR_ROUTE_CANDIDATE,REQUIRES_ROUTE_AND_RUNTIME_PROOF
app-field,services/dsh/frontend/app-field/components/DshFieldPartnerProductsScreen.tsx,dsh,25006,501,SCREEN_OR_ROUTE_CANDIDATE,REQUIRES_ROUTE_AND_RUNTIME_PROOF
app-field,services/dsh/frontend/app-field/escalation/DshFieldEscalationScreen.tsx,dsh,5944,190,SCREEN_OR_ROUTE_CANDIDATE,REQUIRES_ROUTE_AND_RUNTIME_PROOF
app-field,services/dsh/frontend/app-field/escalation/DshFieldReadinessChecklistScreen.tsx,dsh,10160,257,SCREEN_OR_ROUTE_CANDIDATE,REQUIRES_ROUTE_AND_RUNTIME_PROOF
app-field,services/dsh/frontend/app-field/escalation/DshFieldVisitScreen.tsx,dsh,12451,315,SCREEN_OR_ROUTE_CANDIDATE,REQUIRES_ROUTE_AND_RUNTIME_PROOF
app-field,services/dsh/frontend/app-field/escalation/DshFieldWorkQueueScreen.tsx,dsh,6712,179,SCREEN_OR_ROUTE_CANDIDATE,REQUIRES_ROUTE_AND_RUNTIME_PROOF
app-field,services/dsh/frontend/app-field/finance/WltFieldFinanceScreen.tsx,dsh,9024,220,SCREEN_OR_ROUTE_CANDIDATE,REQUIRES_ROUTE_AND_RUNTIME_PROOF
app-field,services/dsh/frontend/app-field/onboarding/DshFieldOnboardingScreen.tsx,dsh,23597,537,SCREEN_OR_ROUTE_CANDIDATE,REQUIRES_ROUTE_AND_RUNTIME_PROOF
app-field,services/dsh/frontend/app-field/stores/DshFieldPartnerProgressScreen.tsx,dsh,8532,204,SCREEN_OR_ROUTE_CANDIDATE,REQUIRES_ROUTE_AND_RUNTIME_PROOF
app-field,services/dsh/frontend/app-field/stores/DshFieldPartnersScreen.tsx,dsh,17144,466,SCREEN_OR_ROUTE_CANDIDATE,REQUIRES_ROUTE_AND_RUNTIME_PROOF
app-field,services/dsh/frontend/app-field/stores/DshFieldStoreVerificationScreen.tsx,dsh,8828,257,SCREEN_OR_ROUTE_CANDIDATE,REQUIRES_ROUTE_AND_RUNTIME_PROOF
app-field,services/dsh/frontend/app-field/stores/DshFieldStoresHistoryScreen.tsx,dsh,3357,77,SCREEN_OR_ROUTE_CANDIDATE,REQUIRES_ROUTE_AND_RUNTIME_PROOF
app-partner,services/dsh/frontend/app-partner/account/AuctionStatusUpdateScreen.tsx,dsh,5255,123,SCREEN_OR_ROUTE_CANDIDATE,REQUIRES_ROUTE_AND_RUNTIME_PROOF
app-partner,services/dsh/frontend/app-partner/account/NotificationsScreen.tsx,dsh,2286,61,SCREEN_OR_ROUTE_CANDIDATE,REQUIRES_ROUTE_AND_RUNTIME_PROOF
app-partner,services/dsh/frontend/app-partner/account/PartnerAnalyticsInsightsPanel.tsx,dsh,5955,150,SCREEN_OR_ROUTE_CANDIDATE,REQUIRES_ROUTE_AND_RUNTIME_PROOF
app-partner,services/dsh/frontend/app-partner/account/PartnerEntryScreen.tsx,dsh,8755,299,SCREEN_OR_ROUTE_CANDIDATE,REQUIRES_ROUTE_AND_RUNTIME_PROOF
app-partner,services/dsh/frontend/app-partner/account/PartnerHubScreen.tsx,dsh,24633,766,SCREEN_OR_ROUTE_CANDIDATE,REQUIRES_ROUTE_AND_RUNTIME_PROOF
app-partner,services/dsh/frontend/app-partner/account/PartnerHubSettingsPanel.tsx,dsh,10052,264,SCREEN_OR_ROUTE_CANDIDATE,REQUIRES_ROUTE_AND_RUNTIME_PROOF
app-partner,services/dsh/frontend/app-partner/account/PartnerOnboardingStatusView.tsx,dsh,5950,189,SCREEN_OR_ROUTE_CANDIDATE,REQUIRES_ROUTE_AND_RUNTIME_PROOF
app-partner,services/dsh/frontend/app-partner/account/PartnerOperationsPanel.tsx,dsh,19348,388,SCREEN_OR_ROUTE_CANDIDATE,REQUIRES_ROUTE_AND_RUNTIME_PROOF
app-partner,services/dsh/frontend/app-partner/account/PartnerSupportScreen.tsx,dsh,14741,359,SCREEN_OR_ROUTE_CANDIDATE,REQUIRES_ROUTE_AND_RUNTIME_PROOF
app-partner,services/dsh/frontend/app-partner/account/PromotionsScreen.tsx,dsh,16996,442,SCREEN_OR_ROUTE_CANDIDATE,REQUIRES_ROUTE_AND_RUNTIME_PROOF
app-partner,services/dsh/frontend/app-partner/catalog/CategoryManagementScreen.tsx,dsh,5104,146,SCREEN_OR_ROUTE_CANDIDATE,REQUIRES_ROUTE_AND_RUNTIME_PROOF
app-partner,services/dsh/frontend/app-partner/catalog/InventoryActionScreen.tsx,dsh,2088,56,SCREEN_OR_ROUTE_CANDIDATE,REQUIRES_ROUTE_AND_RUNTIME_PROOF
app-partner,services/dsh/frontend/app-partner/catalog/PartnerCatalogManagementScreen.tsx,dsh,11434,328,SCREEN_OR_ROUTE_CANDIDATE,REQUIRES_ROUTE_AND_RUNTIME_PROOF
app-partner,services/dsh/frontend/app-partner/catalog/PartnerCatalogReadinessPanel.tsx,dsh,12184,320,SCREEN_OR_ROUTE_CANDIDATE,REQUIRES_ROUTE_AND_RUNTIME_PROOF
app-partner,services/dsh/frontend/app-partner/catalog/PartnerInventoryActionPanel.tsx,dsh,2152,43,SCREEN_OR_ROUTE_CANDIDATE,REQUIRES_ROUTE_AND_RUNTIME_PROOF
app-partner,services/dsh/frontend/app-partner/catalog/ProductEditScreen.tsx,dsh,12423,316,SCREEN_OR_ROUTE_CANDIDATE,REQUIRES_ROUTE_AND_RUNTIME_PROOF
app-partner,services/dsh/frontend/app-partner/catalog/ProductMediaScreen.tsx,dsh,12056,375,SCREEN_OR_ROUTE_CANDIDATE,REQUIRES_ROUTE_AND_RUNTIME_PROOF
app-partner,services/dsh/frontend/app-partner/catalog/ProductOverridesScreen.tsx,dsh,13267,322,SCREEN_OR_ROUTE_CANDIDATE,REQUIRES_ROUTE_AND_RUNTIME_PROOF
app-partner,services/dsh/frontend/app-partner/finance/WltPartnerFinanceScreen.tsx,dsh,2251,58,SCREEN_OR_ROUTE_CANDIDATE,REQUIRES_ROUTE_AND_RUNTIME_PROOF
app-partner,services/dsh/frontend/app-partner/orders/DshPartnerOrderRejectionScreen.tsx,dsh,9046,268,SCREEN_OR_ROUTE_CANDIDATE,REQUIRES_ROUTE_AND_RUNTIME_PROOF
app-partner,services/dsh/frontend/app-partner/orders/GovernedPartnerOrdersScreen.tsx,dsh,14287,269,SCREEN_OR_ROUTE_CANDIDATE,REQUIRES_ROUTE_AND_RUNTIME_PROOF
app-partner,services/dsh/frontend/app-partner/orders/OperationalOrderDecisionScreen.tsx,dsh,2806,83,SCREEN_OR_ROUTE_CANDIDATE,REQUIRES_ROUTE_AND_RUNTIME_PROOF
app-partner,services/dsh/frontend/app-partner/orders/OperationalOrdersInboxScreen.tsx,dsh,10067,268,SCREEN_OR_ROUTE_CANDIDATE,REQUIRES_ROUTE_AND_RUNTIME_PROOF
app-partner,services/dsh/frontend/app-partner/orders/OrderActionScreen.tsx,dsh,5260,116,SCREEN_OR_ROUTE_CANDIDATE,REQUIRES_ROUTE_AND_RUNTIME_PROOF
app-partner,services/dsh/frontend/app-partner/orders/OrderIssueScreen.tsx,dsh,2413,68,SCREEN_OR_ROUTE_CANDIDATE,REQUIRES_ROUTE_AND_RUNTIME_PROOF
app-partner,services/dsh/frontend/app-partner/orders/PartnerConversationScreen.tsx,dsh,4064,87,SCREEN_OR_ROUTE_CANDIDATE,REQUIRES_ROUTE_AND_RUNTIME_PROOF
app-partner,services/dsh/frontend/app-partner/orders/PartnerDispatchTrackingScreen.tsx,dsh,5020,113,SCREEN_OR_ROUTE_CANDIDATE,REQUIRES_ROUTE_AND_RUNTIME_PROOF
app-partner,services/dsh/frontend/app-partner/orders/PartnerFulfillmentActionsPanel.tsx,dsh,16404,366,SCREEN_OR_ROUTE_CANDIDATE,REQUIRES_ROUTE_AND_RUNTIME_PROOF
app-partner,services/dsh/frontend/app-partner/orders/PartnerOrderActionPanel.tsx,dsh,6116,107,SCREEN_OR_ROUTE_CANDIDATE,REQUIRES_ROUTE_AND_RUNTIME_PROOF
app-partner,services/dsh/frontend/app-partner/orders/PartnerOrderAlertsPanel.tsx,dsh,4651,99,SCREEN_OR_ROUTE_CANDIDATE,REQUIRES_ROUTE_AND_RUNTIME_PROOF
app-partner,services/dsh/frontend/app-partner/orders/PartnerOrderConversationPanel.tsx,dsh,3026,69,SCREEN_OR_ROUTE_CANDIDATE,REQUIRES_ROUTE_AND_RUNTIME_PROOF
app-partner,services/dsh/frontend/app-partner/orders/PartnerOrderIssuePanel.tsx,dsh,7933,218,SCREEN_OR_ROUTE_CANDIDATE,REQUIRES_ROUTE_AND_RUNTIME_PROOF
app-partner,services/dsh/frontend/app-partner/orders/PreparationEstimateRevisionPanel.tsx,dsh,3901,92,SCREEN_OR_ROUTE_CANDIDATE,REQUIRES_ROUTE_AND_RUNTIME_PROOF
app-partner,services/dsh/frontend/app-partner/orders/PreparationIssuesPanel.tsx,dsh,12916,293,SCREEN_OR_ROUTE_CANDIDATE,REQUIRES_ROUTE_AND_RUNTIME_PROOF
app-partner,services/dsh/frontend/app-partner/store/DshPartnerStoreCourierScreen.tsx,dsh,11332,308,SCREEN_OR_ROUTE_CANDIDATE,REQUIRES_ROUTE_AND_RUNTIME_PROOF
app-partner,services/dsh/frontend/app-partner/store/GovernedPartnerStoreCourierScreen.tsx,dsh,1006,27,SCREEN_OR_ROUTE_CANDIDATE,REQUIRES_ROUTE_AND_RUNTIME_PROOF
app-partner,services/dsh/frontend/app-partner/store/StoreProfileScreen.tsx,dsh,15545,434,SCREEN_OR_ROUTE_CANDIDATE,REQUIRES_ROUTE_AND_RUNTIME_PROOF
app-partner,services/dsh/frontend/app-partner/team/PartnerTeamManagementScreen.tsx,dsh,16658,394,SCREEN_OR_ROUTE_CANDIDATE,REQUIRES_ROUTE_AND_RUNTIME_PROOF
control-panel,services/dsh/frontend/control-panel/administration/AdministrationDashboardScreen.tsx,dsh,8889,227,SCREEN_OR_ROUTE_CANDIDATE,REQUIRES_ROUTE_AND_RUNTIME_PROOF
control-panel,services/dsh/frontend/control-panel/administration/AdministrationDiagnosticsPanel.tsx,dsh,2232,51,SCREEN_OR_ROUTE_CANDIDATE,REQUIRES_ROUTE_AND_RUNTIME_PROOF
control-panel,services/dsh/frontend/control-panel/administration/GovernedAdministrationScreen.tsx,dsh,875,24,SCREEN_OR_ROUTE_CANDIDATE,REQUIRES_ROUTE_AND_RUNTIME_PROOF
control-panel,services/dsh/frontend/control-panel/analytics/AnalyticsDashboardScreen.tsx,dsh,10200,214,SCREEN_OR_ROUTE_CANDIDATE,REQUIRES_ROUTE_AND_RUNTIME_PROOF
control-panel,services/dsh/frontend/control-panel/analytics/OperationalAnalyticsExtensionsScreen.tsx,dsh,15744,359,SCREEN_OR_ROUTE_CANDIDATE,REQUIRES_ROUTE_AND_RUNTIME_PROOF
control-panel,services/dsh/frontend/control-panel/catalogs/CatalogApprovalScreen.tsx,dsh,4380,101,SCREEN_OR_ROUTE_CANDIDATE,REQUIRES_ROUTE_AND_RUNTIME_PROOF
control-panel,services/dsh/frontend/control-panel/catalogs/CatalogDashboardScreen.tsx,dsh,54571,1078,SCREEN_OR_ROUTE_CANDIDATE,REQUIRES_ROUTE_AND_RUNTIME_PROOF
control-panel,services/dsh/frontend/control-panel/catalogs/CatalogGovernanceScreen.tsx,dsh,20284,370,SCREEN_OR_ROUTE_CANDIDATE,REQUIRES_ROUTE_AND_RUNTIME_PROOF
control-panel,services/dsh/frontend/control-panel/catalogs/ReelsReviewPanel.tsx,dsh,13534,325,SCREEN_OR_ROUTE_CANDIDATE,REQUIRES_ROUTE_AND_RUNTIME_PROOF
control-panel,services/dsh/frontend/control-panel/dashboard/DispatchTrackingAlertsPanel.tsx,dsh,4987,104,SCREEN_OR_ROUTE_CANDIDATE,REQUIRES_ROUTE_AND_RUNTIME_PROOF
control-panel,services/dsh/frontend/control-panel/dashboard/DshOperationalDashboardScreen.tsx,dsh,4861,111,SCREEN_OR_ROUTE_CANDIDATE,REQUIRES_ROUTE_AND_RUNTIME_PROOF
control-panel,services/dsh/frontend/control-panel/dashboard/IdentityRuntimeHealthPanel.tsx,dsh,4589,126,SCREEN_OR_ROUTE_CANDIDATE,REQUIRES_ROUTE_AND_RUNTIME_PROOF
control-panel,services/dsh/frontend/control-panel/finance/CodReconciliationCasesPanel.tsx,dsh,8617,239,SCREEN_OR_ROUTE_CANDIDATE,REQUIRES_ROUTE_AND_RUNTIME_PROOF
control-panel,services/dsh/frontend/control-panel/finance/CommissionGovernancePanel.tsx,dsh,19851,488,SCREEN_OR_ROUTE_CANDIDATE,REQUIRES_ROUTE_AND_RUNTIME_PROOF
control-panel,services/dsh/frontend/control-panel/finance/FinanceDashboardScreen.tsx,dsh,14019,248,SCREEN_OR_ROUTE_CANDIDATE,REQUIRES_ROUTE_AND_RUNTIME_PROOF
control-panel,services/dsh/frontend/control-panel/finance/GovernedSettlementPanel.tsx,dsh,8191,240,SCREEN_OR_ROUTE_CANDIDATE,REQUIRES_ROUTE_AND_RUNTIME_PROOF
control-panel,services/dsh/frontend/control-panel/finance/PaymentSessionOperationsScreen.tsx,dsh,9386,193,SCREEN_OR_ROUTE_CANDIDATE,REQUIRES_ROUTE_AND_RUNTIME_PROOF
control-panel,services/dsh/frontend/control-panel/finance/PayoutRequestsPanel.tsx,dsh,8512,174,SCREEN_OR_ROUTE_CANDIDATE,REQUIRES_ROUTE_AND_RUNTIME_PROOF
control-panel,services/dsh/frontend/control-panel/finance/ReconciliationCasesPanel.tsx,dsh,5253,123,SCREEN_OR_ROUTE_CANDIDATE,REQUIRES_ROUTE_AND_RUNTIME_PROOF
control-panel,services/dsh/frontend/control-panel/finance/RefundsCommandPanel.tsx,dsh,13043,245,SCREEN_OR_ROUTE_CANDIDATE,REQUIRES_ROUTE_AND_RUNTIME_PROOF
control-panel,services/dsh/frontend/control-panel/hr/CaptainCreateView.tsx,dsh,6856,153,SCREEN_OR_ROUTE_CANDIDATE,REQUIRES_ROUTE_AND_RUNTIME_PROOF
control-panel,services/dsh/frontend/control-panel/hr/CaptainDetailView.tsx,dsh,11284,244,SCREEN_OR_ROUTE_CANDIDATE,REQUIRES_ROUTE_AND_RUNTIME_PROOF
control-panel,services/dsh/frontend/control-panel/hr/EmployeeCreateView.tsx,dsh,10181,185,SCREEN_OR_ROUTE_CANDIDATE,REQUIRES_ROUTE_AND_RUNTIME_PROOF
control-panel,services/dsh/frontend/control-panel/hr/EmployeeDetailView.tsx,dsh,17300,314,SCREEN_OR_ROUTE_CANDIDATE,REQUIRES_ROUTE_AND_RUNTIME_PROOF
control-panel,services/dsh/frontend/control-panel/hr/FieldAgentCreateView.tsx,dsh,5918,124,SCREEN_OR_ROUTE_CANDIDATE,REQUIRES_ROUTE_AND_RUNTIME_PROOF
control-panel,services/dsh/frontend/control-panel/hr/FieldAgentDetailView.tsx,dsh,9491,209,SCREEN_OR_ROUTE_CANDIDATE,REQUIRES_ROUTE_AND_RUNTIME_PROOF
control-panel,services/dsh/frontend/control-panel/hr/ProviderDetailView.tsx,dsh,11475,266,SCREEN_OR_ROUTE_CANDIDATE,REQUIRES_ROUTE_AND_RUNTIME_PROOF
control-panel,services/dsh/frontend/control-panel/hr/ProviderListView.tsx,dsh,8316,212,SCREEN_OR_ROUTE_CANDIDATE,REQUIRES_ROUTE_AND_RUNTIME_PROOF
control-panel,services/dsh/frontend/control-panel/hr/ProviderOperationalCorePanel.tsx,dsh,27398,493,SCREEN_OR_ROUTE_CANDIDATE,REQUIRES_ROUTE_AND_RUNTIME_PROOF
control-panel,services/dsh/frontend/control-panel/hr/ProviderTypeSelectView.tsx,dsh,1645,37,SCREEN_OR_ROUTE_CANDIDATE,REQUIRES_ROUTE_AND_RUNTIME_PROOF
control-panel,services/dsh/frontend/control-panel/hr/WorkforceHrScreen.tsx,dsh,5595,128,SCREEN_OR_ROUTE_CANDIDATE,REQUIRES_ROUTE_AND_RUNTIME_PROOF
control-panel,services/dsh/frontend/control-panel/hr/WorkforceReferenceView.tsx,dsh,7031,153,SCREEN_OR_ROUTE_CANDIDATE,REQUIRES_ROUTE_AND_RUNTIME_PROOF
control-panel,services/dsh/frontend/control-panel/marketing/MarketingDashboardScreen.tsx,dsh,3436,64,SCREEN_OR_ROUTE_CANDIDATE,REQUIRES_ROUTE_AND_RUNTIME_PROOF
control-panel,services/dsh/frontend/control-panel/marketing/components/CouponFundingReconciliationPanel.tsx,dsh,4822,89,SCREEN_OR_ROUTE_CANDIDATE,REQUIRES_ROUTE_AND_RUNTIME_PROOF
control-panel,services/dsh/frontend/control-panel/marketing/components/LoyaltyPolicyPanel.tsx,dsh,9734,170,SCREEN_OR_ROUTE_CANDIDATE,REQUIRES_ROUTE_AND_RUNTIME_PROOF
control-panel,services/dsh/frontend/control-panel/marketing/components/MarketingHomeDiscoveryPanel.tsx,dsh,17642,446,SCREEN_OR_ROUTE_CANDIDATE,REQUIRES_ROUTE_AND_RUNTIME_PROOF
control-panel,services/dsh/frontend/control-panel/operations/AreaCapacityScreen.tsx,dsh,10752,267,SCREEN_OR_ROUTE_CANDIDATE,REQUIRES_ROUTE_AND_RUNTIME_PROOF
control-panel,services/dsh/frontend/control-panel/operations/AssistedOrderDeskScreen.tsx,dsh,2106,52,SCREEN_OR_ROUTE_CANDIDATE,REQUIRES_ROUTE_AND_RUNTIME_PROOF
control-panel,services/dsh/frontend/control-panel/operations/AuditSupportSlaScreen.tsx,dsh,8325,246,SCREEN_OR_ROUTE_CANDIDATE,REQUIRES_ROUTE_AND_RUNTIME_PROOF
control-panel,services/dsh/frontend/control-panel/operations/AwnakScreen.tsx,dsh,254,13,SCREEN_OR_ROUTE_CANDIDATE,REQUIRES_ROUTE_AND_RUNTIME_PROOF
control-panel,services/dsh/frontend/control-panel/operations/CartActivityScreen.tsx,dsh,3665,82,SCREEN_OR_ROUTE_CANDIDATE,REQUIRES_ROUTE_AND_RUNTIME_PROOF
control-panel,services/dsh/frontend/control-panel/operations/CheckoutActivityScreen.tsx,dsh,6869,172,SCREEN_OR_ROUTE_CANDIDATE,REQUIRES_ROUTE_AND_RUNTIME_PROOF
control-panel,services/dsh/frontend/control-panel/operations/CommandCenterScreen.tsx,dsh,13270,285,SCREEN_OR_ROUTE_CANDIDATE,REQUIRES_ROUTE_AND_RUNTIME_PROOF
control-panel,services/dsh/frontend/control-panel/operations/ControlPanelDshSheinProxyScreen.tsx,dsh,274,13,SCREEN_OR_ROUTE_CANDIDATE,REQUIRES_ROUTE_AND_RUNTIME_PROOF
control-panel,services/dsh/frontend/control-panel/operations/DeliveryProofReviewScreen.tsx,dsh,9446,216,SCREEN_OR_ROUTE_CANDIDATE,REQUIRES_ROUTE_AND_RUNTIME_PROOF
control-panel,services/dsh/frontend/control-panel/operations/DispatchAssignmentScreen.tsx,dsh,192,6,SCREEN_OR_ROUTE_CANDIDATE,REQUIRES_ROUTE_AND_RUNTIME_PROOF
control-panel,services/dsh/frontend/control-panel/operations/DispatchOperationsPanel.tsx,dsh,10360,237,SCREEN_OR_ROUTE_CANDIDATE,REQUIRES_ROUTE_AND_RUNTIME_PROOF
control-panel,services/dsh/frontend/control-panel/operations/ExceptionsEscalationsScreen.tsx,dsh,31167,704,SCREEN_OR_ROUTE_CANDIDATE,REQUIRES_ROUTE_AND_RUNTIME_PROOF
control-panel,services/dsh/frontend/control-panel/operations/GeoHeatmapScreen.tsx,dsh,1041,30,SCREEN_OR_ROUTE_CANDIDATE,REQUIRES_ROUTE_AND_RUNTIME_PROOF
control-panel,services/dsh/frontend/control-panel/operations/LiveOrdersScreen.tsx,dsh,160,6,SCREEN_OR_ROUTE_CANDIDATE,REQUIRES_ROUTE_AND_RUNTIME_PROOF
control-panel,services/dsh/frontend/control-panel/operations/OperationsHubScreen.tsx,dsh,11432,327,SCREEN_OR_ROUTE_CANDIDATE,REQUIRES_ROUTE_AND_RUNTIME_PROOF
control-panel,services/dsh/frontend/control-panel/operations/OrderJourneyDispatchAssignmentScreen.tsx,dsh,9280,229,SCREEN_OR_ROUTE_CANDIDATE,REQUIRES_ROUTE_AND_RUNTIME_PROOF
control-panel,services/dsh/frontend/control-panel/operations/OrderJourneyLiveOrdersScreen.tsx,dsh,10523,215,SCREEN_OR_ROUTE_CANDIDATE,REQUIRES_ROUTE_AND_RUNTIME_PROOF
control-panel,services/dsh/frontend/control-panel/operations/OrderPreparationAlertsPanel.tsx,dsh,4272,103,SCREEN_OR_ROUTE_CANDIDATE,REQUIRES_ROUTE_AND_RUNTIME_PROOF
control-panel,services/dsh/frontend/control-panel/operations/OrderRescueScreen.tsx,dsh,9041,229,SCREEN_OR_ROUTE_CANDIDATE,REQUIRES_ROUTE_AND_RUNTIME_PROOF
control-panel,services/dsh/frontend/control-panel/operations/PartnerDeliverySLAAlertsPanel.tsx,dsh,4920,120,SCREEN_OR_ROUTE_CANDIDATE,REQUIRES_ROUTE_AND_RUNTIME_PROOF
control-panel,services/dsh/frontend/control-panel/operations/PartnerDeliveryWorkbenchScreen.tsx,dsh,8484,195,SCREEN_OR_ROUTE_CANDIDATE,REQUIRES_ROUTE_AND_RUNTIME_PROOF
control-panel,services/dsh/frontend/control-panel/operations/PartnerStoresScreen.tsx,dsh,10583,242,SCREEN_OR_ROUTE_CANDIDATE,REQUIRES_ROUTE_AND_RUNTIME_PROOF
control-panel,services/dsh/frontend/control-panel/operations/PickupSLAAlertsPanel.tsx,dsh,4832,119,SCREEN_OR_ROUTE_CANDIDATE,REQUIRES_ROUTE_AND_RUNTIME_PROOF
control-panel,services/dsh/frontend/control-panel/operations/PickupWorkbenchScreen.tsx,dsh,5415,129,SCREEN_OR_ROUTE_CANDIDATE,REQUIRES_ROUTE_AND_RUNTIME_PROOF
control-panel,services/dsh/frontend/control-panel/operations/SpecialOpsWorkbenchScreen.tsx,dsh,3378,97,SCREEN_OR_ROUTE_CANDIDATE,REQUIRES_ROUTE_AND_RUNTIME_PROOF
control-panel,services/dsh/frontend/control-panel/partners/PartnerCreatePanel.tsx,dsh,4394,103,SCREEN_OR_ROUTE_CANDIDATE,REQUIRES_ROUTE_AND_RUNTIME_PROOF
control-panel,services/dsh/frontend/control-panel/partners/PartnerDetailOperationalScreen.tsx,dsh,20033,329,SCREEN_OR_ROUTE_CANDIDATE,REQUIRES_ROUTE_AND_RUNTIME_PROOF
control-panel,services/dsh/frontend/control-panel/partners/PartnerDetailUnifiedScreen.tsx,dsh,20983,333,SCREEN_OR_ROUTE_CANDIDATE,REQUIRES_ROUTE_AND_RUNTIME_PROOF
control-panel,services/dsh/frontend/control-panel/partners/PartnerGovernanceWorkspaceScreen.tsx,dsh,10485,239,SCREEN_OR_ROUTE_CANDIDATE,REQUIRES_ROUTE_AND_RUNTIME_PROOF
control-panel,services/dsh/frontend/control-panel/partners/PartnerListScreen.tsx,dsh,6156,147,SCREEN_OR_ROUTE_CANDIDATE,REQUIRES_ROUTE_AND_RUNTIME_PROOF
control-panel,services/dsh/frontend/control-panel/partners/PartnersReviewQueueScreen.tsx,dsh,4767,131,SCREEN_OR_ROUTE_CANDIDATE,REQUIRES_ROUTE_AND_RUNTIME_PROOF
control-panel,services/dsh/frontend/control-panel/partners/field-readiness/FieldReadinessQueueScreen.tsx,dsh,8492,181,SCREEN_OR_ROUTE_CANDIDATE,REQUIRES_ROUTE_AND_RUNTIME_PROOF
control-panel,services/dsh/frontend/control-panel/partners/stores/OperatorDeliveryPricingPanel.tsx,dsh,7353,185,SCREEN_OR_ROUTE_CANDIDATE,REQUIRES_ROUTE_AND_RUNTIME_PROOF
control-panel,services/dsh/frontend/control-panel/partners/stores/OperatorPartnerFleetPanel.tsx,dsh,5679,140,SCREEN_OR_ROUTE_CANDIDATE,REQUIRES_ROUTE_AND_RUNTIME_PROOF
control-panel,services/dsh/frontend/control-panel/partners/stores/StoreAdminStateView.tsx,dsh,1882,67,SCREEN_OR_ROUTE_CANDIDATE,REQUIRES_ROUTE_AND_RUNTIME_PROOF
control-panel,services/dsh/frontend/control-panel/partners/stores/StoreDetailAdminPanel.tsx,dsh,11295,272,SCREEN_OR_ROUTE_CANDIDATE,REQUIRES_ROUTE_AND_RUNTIME_PROOF
control-panel,services/dsh/frontend/control-panel/partners/stores/StoreManagementScreen.tsx,dsh,2558,71,SCREEN_OR_ROUTE_CANDIDATE,REQUIRES_ROUTE_AND_RUNTIME_PROOF
control-panel,services/dsh/frontend/control-panel/platform/PlatformChangeWorkflowPanel.tsx,dsh,24216,428,SCREEN_OR_ROUTE_CANDIDATE,REQUIRES_ROUTE_AND_RUNTIME_PROOF
control-panel,services/dsh/frontend/control-panel/platform/PlatformDashboardScreen.tsx,dsh,19947,501,SCREEN_OR_ROUTE_CANDIDATE,REQUIRES_ROUTE_AND_RUNTIME_PROOF
control-panel,services/dsh/frontend/control-panel/platform/PlatformPoliciesScreen.tsx,dsh,7669,177,SCREEN_OR_ROUTE_CANDIDATE,REQUIRES_ROUTE_AND_RUNTIME_PROOF
control-panel,services/dsh/frontend/control-panel/platform/PlatformRolloutPanel.tsx,dsh,16120,361,SCREEN_OR_ROUTE_CANDIDATE,REQUIRES_ROUTE_AND_RUNTIME_PROOF
control-panel,services/dsh/frontend/control-panel/platform/ProviderRegistryPanel.tsx,dsh,11353,274,SCREEN_OR_ROUTE_CANDIDATE,REQUIRES_ROUTE_AND_RUNTIME_PROOF
control-panel,services/dsh/frontend/control-panel/platform/SovereignLeadershipPanel.tsx,dsh,15331,332,SCREEN_OR_ROUTE_CANDIDATE,REQUIRES_ROUTE_AND_RUNTIME_PROOF
control-panel,services/dsh/frontend/control-panel/shared/ProviderOperationalEnforcementPanel.tsx,dsh,15982,317,SCREEN_OR_ROUTE_CANDIDATE,REQUIRES_ROUTE_AND_RUNTIME_PROOF
control-panel,services/dsh/frontend/control-panel/support/PlatformNotificationConfigScreen.tsx,dsh,17964,385,SCREEN_OR_ROUTE_CANDIDATE,REQUIRES_ROUTE_AND_RUNTIME_PROOF
control-panel,services/dsh/frontend/control-panel/support/SupportDashboardScreen.tsx,dsh,17230,346,SCREEN_OR_ROUTE_CANDIDATE,REQUIRES_ROUTE_AND_RUNTIME_PROOF
